U+349A	온
U+34D7	결
U+3515	글
U+3521	별
U+35FF	하
U+3614	새
U+363D	재
U+366F	예
U+36C3	결
U+36C4	의
U+36C5	이
U+36E6	람
U+3723	연
U+372F	희
U+373A	찬
U+3762	우
U+37BC	승
U+380C	기
U+3818	서
U+3883	랑
U+38BA	현
U+38E7	윤
U+38FD	서
U+3960	서
U+3965	우
U+3983	산
U+3986	하
U+3990	니
U+3995	륭
U+39A5	헌
U+39B3	재
U+39B6	용
U+3A39	설
U+3AA4	필
U+3ADC	단
U+3AF0	랑
U+3AF6	주
U+3B03	대
U+3B23	대
U+3B79	현
U+3BDD	로
U+3BF3	경
U+3C14	섭
U+3C24	하
U+3C2D	후
U+3CBD	인
U+3CBE	우
U+3CFC	필
U+3D0D	승
U+3D17	유
U+3D5F	미
U+3DBC	애
U+3DC2	서
U+3EC4	보
U+3EED	슬
U+3EFD	선
U+3F04	기
U+402D	해
U+402F	보
U+4034	영
U+4062	선
U+40A9	연
U+40C9	민
U+4104	인
U+4137	석
U+41AC	운
U+4259	운
U+43BB	주
U+43C7	표
U+43E7	나
U+43EA	이
U+4450	진
U+4512	배
U+45F2	린
U+4618	어
U+46B7	혜
U+46BE	임
U+46D4	나
U+46D8	임
U+46DD	노
U+472D	예
U+476C	주
U+476E	현
U+477D	애
U+479F	백
U+4863	헌
U+4883	예
U+4896	율
U+48A6	솔
U+4925	귀
U+493F	결
U+499E	윤
U+49A5	한
U+49CB	현
U+4A12	우
U+4A2D	소
U+4AB8	민
U+4ADF	운
U+4AE8	오
U+4AFB	율
U+4B53	안
U+4B71	별
U+4CDF	명
U+4CE0	수
U+4D1B	소
U+4D65	울
U+4E00	일
U+4E01	정
U+4E03	칠
U+4E07	만
U+4E08	장
U+4E09	삼
U+4E0A	상
U+4E0B	하
U+4E0D	불
U+4E11	축
U+4E14	차
U+4E15	비
U+4E16	세
U+4E18	구
U+4E19	병
U+4E1E	승
U+4E1F	주
U+4E26	병
U+4E2B	아
U+4E2D	중
U+4E30	봉
U+4E31	관
U+4E32	관
U+4E38	환
U+4E39	단
U+4E3B	주
U+4E42	예
U+4E43	내
U+4E45	구
U+4E4B	지
U+4E4D	사
U+4E4E	호
U+4E4F	핍
U+4E56	괴
U+4E58	승
U+4E59	을
U+4E5D	구
U+4E5E	걸
U+4E5F	야
U+4E67	둘
U+4E6B	갈
U+4E6C	걸
U+4E6D	돌
U+4E73	유
U+4E76	볼
U+4E77	살
U+4E79	건
U+4E7A	솔
U+4E7B	얼
U+4E7C	줄
U+4E7E	건
U+4E82	란
U+4E86	료
U+4E88	여
U+4E8B	사
U+4E8C	이
U+4E8E	우
U+4E8F	우
U+4E90	울
U+4E91	운
U+4E92	호
U+4E94	오
U+4E95	정
U+4E98	긍
U+4E99	긍
U+4E9B	사
U+4E9C	아
U+4E9E	아
U+4E9F	극
U+4EA1	망
U+4EA2	항
U+4EA4	교
U+4EA5	해
U+4EA6	역
U+4EA8	형
U+4EAB	향
U+4EAC	경
U+4EAD	정
U+4EAE	량
U+4EB0	경
U+4EB3	박
U+4EB4	우
U+4EB6	단
U+4EB9	미
U+4EBA	인
U+4EC0	십
U+4EC1	인
U+4EC4	측
U+4EC6	부
U+4EC7	구
U+4ECA	금
U+4ECB	개
U+4ECD	잉
U+4ED4	자
U+4ED5	사
U+4ED6	타
U+4ED7	장
U+4ED8	부
U+4ED9	선
U+4EDD	동
U+4EDE	인
U+4EDF	천
U+4EE1	흘
U+4EE3	대
U+4EE4	령
U+4EE5	이
U+4EEE	가
U+4EF0	앙
U+4EF2	중
U+4EF3	비
U+4EF5	오
U+4EF6	건
U+4EF7	개
U+4EFB	임
U+4EFD	빈
U+4EFF	방
U+4F00	종
U+4F01	기
U+4F03	여
U+4F09	항
U+4F0A	이
U+4F0B	급
U+4F0D	오
U+4F0E	기
U+4F0F	복
U+4F10	벌
U+4F11	휴
U+4F18	우
U+4F1A	회
U+4F2F	백
U+4F30	고
U+4F34	반
U+4F36	령
U+4F38	신
U+4F3A	사
U+4F3C	사
U+4F3D	가
U+4F3E	비
U+4F42	정
U+4F43	전
U+4F46	단
U+4F47	저
U+4F48	포
U+4F49	구
U+4F4B	소
U+4F4D	위
U+4F4E	저
U+4F4F	주
U+4F50	좌
U+4F51	우
U+4F53	분
U+4F54	점
U+4F55	하
U+4F56	필
U+4F57	타
U+4F59	여
U+4F5A	일
U+4F5B	불
U+4F5C	작
U+4F5D	구
U+4F5E	녕
U+4F5F	퉁
U+4F69	패
U+4F6A	회
U+4F6F	양
U+4F70	백
U+4F73	가
U+4F74	이
U+4F76	길
U+4F78	괄
U+4F79	궤
U+4F7A	전
U+4F7B	조
U+4F7C	교
U+4F7D	차
U+4F7E	일
U+4F7F	사
U+4F80	형
U+4F81	신
U+4F83	간
U+4F84	질
U+4F86	래
U+4F88	치
U+4F89	과
U+4F8A	광
U+4F8B	례
U+4F8D	시
U+4F8E	미
U+4F8F	주
U+4F90	혁
U+4F91	유
U+4F92	안
U+4F94	모
U+4F96	륜
U+4F97	동
U+4F98	차
U+4F9A	순
U+4F9B	공
U+4F9C	주
U+4F9D	의
U+4F9E	여
U+4FAE	모
U+4FAF	후
U+4FB2	진
U+4FB5	침
U+4FB6	려
U+4FB9	정
U+4FBB	탈
U+4FBE	효
U+4FBF	편
U+4FC1	우
U+4FC2	계
U+4FC3	촉
U+4FC4	아
U+4FC5	구
U+4FC9	오
U+4FCA	준
U+4FCC	보
U+4FCD	량
U+4FCE	조
U+4FCF	초
U+4FD0	리
U+4FD1	용
U+4FD2	혼
U+4FD3	경
U+4FD4	현
U+4FD6	배
U+4FD7	속
U+4FD8	부
U+4FD9	희
U+4FDA	리
U+4FDB	면
U+4FDD	보
U+4FDE	유
U+4FDF	사
U+4FE0	협
U+4FE1	신
U+4FE3	오
U+4FEE	수
U+4FEF	부
U+4FF0	화
U+4FF1	구
U+4FF3	배
U+4FF4	천
U+4FF5	표
U+4FF6	숙
U+4FF8	봉
U+4FFA	엄
U+4FFE	비
U+5000	창
U+5002	병
U+5005	쉬
U+5006	량
U+5007	원
U+5009	창
U+500B	개
U+500D	배
U+500F	숙
U+5011	문
U+5012	도
U+5013	담
U+5014	굴
U+5016	행
U+5018	당
U+5019	후
U+501A	의
U+501C	척
U+501E	경
U+501F	차
U+5021	창
U+5022	첩
U+5023	방
U+5024	치
U+5025	공
U+5026	권
U+5027	종
U+5028	거
U+5029	천
U+502A	예
U+502B	륜
U+502C	탁
U+502D	왜
U+502E	라
U+5030	릉
U+503B	야
U+5043	언
U+5044	난
U+5046	준
U+5047	가
U+5048	게
U+5049	위
U+504A	우
U+504E	외
U+504F	편
U+5053	악
U+5055	해
U+5056	차
U+5058	간
U+5059	제
U+505A	주
U+505C	정
U+5060	요
U+5062	초
U+5065	건
U+5066	서
U+506A	핍
U+5070	설
U+5072	시
U+5074	측
U+5075	정
U+5076	우
U+5078	투
U+5080	괴
U+5083	소
U+5085	부
U+508B	강
U+508D	방
U+5091	걸
U+5092	혜
U+5094	겸
U+5096	창
U+5098	산
U+5099	비
U+509A	효
U+509B	용
U+509D	탑
U+509E	사
U+50A2	가
U+50AC	최
U+50AD	용
U+50AE	조
U+50B2	오
U+50B3	전
U+50B4	구
U+50B5	채
U+50B7	상
U+50BD	장
U+50BE	경
U+50BF	언
U+50C2	루
U+50C4	표
U+50C5	근
U+50C9	첨
U+50CA	선
U+50CE	준
U+50CF	상
U+50D1	교
U+50D4	준
U+50D5	복
U+50D6	희
U+50DA	료
U+50DB	기
U+50DE	위
U+50E2	천
U+50E5	요
U+50E6	추
U+50E7	승
U+50E9	한
U+50EC	초
U+50ED	참
U+50EE	동
U+50F5	강
U+50F9	가
U+50FB	벽
U+50FE	애
U+50FF	사
U+5100	의
U+5101	준
U+5102	농
U+5103	천
U+5104	억
U+5106	경
U+5107	현
U+5109	검
U+510B	담
U+5110	빈
U+5112	유
U+5113	대
U+5114	주
U+5115	제
U+5117	의
U+5118	진
U+511A	맹
U+511B	무
U+511C	녕
U+511F	상
U+5121	뢰
U+5122	려
U+5124	포
U+5125	육
U+5127	찬
U+512A	우
U+512B	호
U+5131	롱
U+5132	저
U+5133	참
U+5135	숙
U+5137	려
U+5138	라
U+5139	찬
U+513A	나
U+513B	당
U+513C	엄
U+513F	인
U+5140	올
U+5141	윤
U+5143	원
U+5144	형
U+5145	충
U+5146	조
U+5147	흉
U+5148	선
U+5149	광
U+514B	극
U+514C	태
U+514D	면
U+514E	토
U+5150	아
U+5152	아
U+5154	토
U+5155	시
U+5156	연
U+5157	연
U+515A	당
U+515C	두
U+5162	긍
U+5165	입
U+5167	내
U+5168	전
U+5169	량
U+516A	유
U+516B	팔
U+516C	공
U+516D	륙
U+516E	혜
U+5171	공
U+5175	병
U+5176	기
U+5177	구
U+5178	전
U+517C	겸
U+5180	기
U+5182	경
U+5186	엔
U+5189	염
U+518A	책
U+518C	책
U+518D	재
U+518F	경
U+5191	주
U+5192	모
U+5193	구
U+5195	면
U+5197	용
U+5198	유
U+519E	미
U+51A0	관
U+51A2	총
U+51A3	취
U+51A4	원
U+51A5	명
U+51AA	멱
U+51AC	동
U+51B0	빙
U+51B1	호
U+51B2	충
U+51B6	야
U+51B7	랭
U+51BD	렬
U+51BE	협
U+51C4	처
U+51C5	고
U+51C6	준
U+51C9	량
U+51CA	청
U+51CB	조
U+51CC	릉
U+51CD	동
U+51D1	주
U+51D2	의
U+51D4	창
U+51D6	준
U+51DB	름
U+51DC	름
U+51DD	응
U+51DE	희
U+51E0	궤
U+51E1	범
U+51E6	처
U+51E9	목
U+51ED	빙
U+51F0	황
U+51F1	개
U+51F3	등
U+51F4	빙
U+51F6	흉
U+51F8	철
U+51F9	요
U+51FA	출
U+51FD	함
U+5200	도
U+5201	조
U+5203	인
U+5206	분
U+5207	절
U+5208	예
U+520A	간
U+520E	문
U+5211	형
U+5213	완
U+5216	월
U+5217	렬
U+521D	초
U+5224	판
U+5225	별
U+5226	겁
U+5227	겁
U+5229	리
U+522A	산
U+522E	괄
U+5230	도
U+5231	창
U+5232	규
U+5233	고
U+5236	제
U+5237	쇄
U+5238	권
U+5239	찰
U+523A	자
U+523B	각
U+5243	체
U+5244	경
U+5246	라
U+5247	칙
U+5249	좌
U+524A	삭
U+524B	극
U+524C	랄
U+524D	전
U+5254	척
U+5255	비
U+5256	부
U+5257	잔
U+525A	사
U+525B	강
U+525D	박
U+525E	기
U+525F	철
U+5261	섬
U+5269	잉
U+526A	전
U+526F	부
U+5272	할
U+5274	개
U+5275	창
U+5277	산
U+527A	리
U+527D	표
U+527F	초
U+5282	궤
U+5283	획
U+5287	극
U+5288	벽
U+5289	류
U+528D	검
U+5291	제
U+5292	검
U+5293	의
U+5297	찬
U+5298	마
U+529B	력
U+529F	공
U+52A0	가
U+52A3	렬
U+52A4	근
U+52A7	지
U+52A9	조
U+52AA	노
U+52AB	겁
U+52AC	구
U+52AD	소
U+52AE	일
U+52B9	효
U+52BE	핵
U+52C1	경
U+52C3	발
U+52C5	칙
U+52C7	용
U+52C9	면
U+52CC	권
U+52CD	경
U+52D2	륵
U+52D5	동
U+52D6	욱
U+52D8	감
U+52D9	무
U+52DB	훈
U+52DD	승
U+52DE	로
U+52DF	모
U+52E0	륙
U+52E1	표
U+52E2	세
U+52E3	적
U+52E4	근
U+52E6	초
U+52ED	동
U+52F2	훈
U+52F3	훈
U+52F5	려
U+52F8	권
U+52FA	작
U+52FB	균
U+52FE	구
U+52FF	물
U+5300	균
U+5301	문
U+5302	내
U+5303	개
U+5305	포
U+5308	흉
U+530A	국
U+530C	합
U+530D	포
U+530F	포
U+5310	복
U+5315	비
U+5316	화
U+5317	배
U+5319	시
U+5320	장
U+5321	광
U+5323	갑
U+5327	협
U+532A	비
U+532F	회
U+5331	궤
U+5336	구
U+5338	혜
U+5339	필
U+533B	예
U+533D	언
U+533E	편
U+533F	닉
U+5340	구
U+5341	십
U+5343	천
U+5344	입
U+5345	삽
U+5347	승
U+5348	오
U+5349	훼
U+534A	반
U+534D	만
U+5351	비
U+5352	졸
U+5353	탁
U+5354	협
U+5357	남
U+535A	박
U+535C	복
U+535E	변
U+5360	점
U+5361	잡
U+5366	괘
U+5368	설
U+536C	앙
U+536E	치
U+536F	묘
U+5370	인
U+5371	위
U+5372	소
U+5373	즉
U+5374	각
U+5375	란
U+5377	권
U+5378	사
U+5379	휼
U+537A	근
U+537B	각
U+537D	즉
U+537E	악
U+537F	경
U+5384	액
U+538E	지
U+5393	애
U+5396	방
U+5398	리
U+539A	후
U+539D	조
U+539F	원
U+53A0	측
U+53A5	궐
U+53A6	하
U+53AA	근
U+53AD	염
U+53AE	시
U+53B2	려
U+53B3	엄
U+53B9	구
U+53BB	거
U+53C3	삼
U+53C5	참
U+53C8	우
U+53C9	차
U+53CA	급
U+53CB	우
U+53CC	쌍
U+53CD	반
U+53D4	숙
U+53D6	취
U+53D7	수
U+53D9	서
U+53DB	반
U+53DF	수
U+53E1	예
U+53E2	총
U+53E3	구
U+53E4	고
U+53E5	구
U+53E6	령
U+53E8	도
U+53E9	고
U+53EA	지
U+53EB	규
U+53EC	소
U+53ED	팔
U+53EE	정
U+53EF	가
U+53F0	태
U+53F1	질
U+53F2	사
U+53F3	우
U+53F4	구
U+53F5	파
U+53F6	협
U+53F7	호
U+53F8	사
U+5401	우
U+5403	흘
U+5404	각
U+5408	합
U+5409	길
U+540A	적
U+540B	촌
U+540C	동
U+540D	명
U+540E	후
U+540F	리
U+5410	토
U+5411	향
U+541B	군
U+541D	린
U+541F	음
U+5420	폐
U+5426	부
U+5429	분
U+542B	함
U+542C	은
U+542E	전
U+5431	지
U+5433	오
U+5436	눌
U+5438	흡
U+5439	취
U+543B	문
U+543C	후
U+543D	후
U+543E	오
U+5440	하
U+5442	려
U+5446	매
U+5448	정
U+544A	고
U+544E	척
U+5451	탄
U+545D	액
U+545F	현
U+5462	니
U+5464	령
U+5466	유
U+5468	주
U+546A	주
U+546B	첩
U+5470	자
U+5471	고
U+5473	미
U+5475	가
U+5476	노
U+547B	신
U+547C	호
U+547D	명
U+547F	거
U+5480	저
U+5484	돌
U+5486	포
U+5487	필
U+548B	사
U+548C	화
U+548D	해
U+548E	구
U+548F	영
U+5490	부
U+5496	가
U+54A0	집
U+54A2	악
U+54A4	타
U+54A5	희
U+54A8	자
U+54AB	지
U+54AC	교
U+54AF	각
U+54B2	소
U+54B3	해
U+54B8	함
U+54BB	휴
U+54BC	괘
U+54BD	열
U+54BF	이
U+54C0	애
U+54C1	품
U+54C2	신
U+54C3	동
U+54C4	홍
U+54C6	치
U+54C7	와
U+54C8	합
U+54C9	재
U+54E1	운
U+54E5	가
U+54E6	아
U+54E8	초
U+54E9	리
U+54ED	곡
U+54EE	효
U+54F1	발
U+54F2	철
U+54FA	포
U+54FD	경
U+54FF	가
U+5504	패
U+5506	사
U+5507	진
U+5509	애
U+550E	리
U+550F	희
U+5510	당
U+5514	오
U+551C	말
U+552B	금
U+552E	수
U+552F	유
U+5531	창
U+5533	려
U+5535	암
U+5539	어
U+553B	래
U+553C	삽
U+553E	타
U+5540	애
U+5542	누
U+5544	탁
U+5546	상
U+554A	아
U+554F	문
U+5553	계
U+5556	담
U+5557	담
U+555C	철
U+555E	아
U+5563	함
U+557B	시
U+557C	제
U+557D	암
U+557E	추
U+557F	담
U+5580	객
U+5581	옹
U+5583	남
U+5584	선
U+5586	철
U+5587	라
U+5589	후
U+558A	함
U+558B	첩
U+5591	음
U+5593	요
U+5594	악
U+5598	천
U+5599	훼
U+559A	환
U+559C	희
U+559D	갈
U+559E	즉
U+559F	위
U+55A3	후
U+55A4	황
U+55A7	훤
U+55A8	량
U+55A9	유
U+55AA	상
U+55AB	끽
U+55AC	교
U+55AE	단
U+55B0	식
U+55C3	학
U+55C5	후
U+55C7	색
U+55C9	소
U+55D1	합
U+55D4	진
U+55DA	오
U+55DB	겸
U+55DC	기
U+55DF	차
U+55E0	락
U+55E2	올
U+55E3	사
U+55E4	치
U+55F7	오
U+55FD	수
U+55FE	주
U+55FF	탐
U+5604	교
U+5606	탄
U+5608	조
U+5609	가
U+560C	표
U+560D	루
U+560E	알
U+560F	가
U+5610	교
U+5612	혜
U+5614	구
U+5615	언
U+5616	책
U+5617	상
U+5629	화
U+562C	최
U+562F	소
U+5632	조
U+5634	취
U+5636	시
U+5637	호
U+5638	무
U+5639	료
U+563B	희
U+563F	묵
U+5641	오
U+5642	준
U+5649	담
U+564B	톤
U+564D	초
U+564E	열
U+564F	흡
U+5653	허
U+5664	금
U+5665	농
U+5668	기
U+5669	악
U+566A	조
U+566B	희
U+566C	서
U+566D	교
U+566F	애
U+5672	쾌
U+5674	분
U+5675	도
U+5676	갈
U+5678	톤
U+567A	신
U+567E	음
U+5680	녕
U+5684	획
U+5686	효
U+5687	하
U+568F	체
U+5699	교
U+569A	은
U+56A5	연
U+56A7	로
U+56AC	빈
U+56AE	향
U+56B3	곡
U+56B4	엄
U+56B6	앵
U+56BC	작
U+56C0	전
U+56C1	섭
U+56C2	효
U+56C3	잡
U+56C8	예
U+56C9	라
U+56CA	낭
U+56CD	희
U+56D1	촉
U+56DA	수
U+56DB	사
U+56DE	회
U+56DF	신
U+56E0	인
U+56E6	연
U+56E7	경
U+56EB	홀
U+56EE	와
U+56F0	곤
U+56F7	균
U+56F9	령
U+56FA	고
U+56FD	국
U+56FF	유
U+5701	은
U+5702	혼
U+5703	포
U+5704	어
U+5707	륜
U+5708	권
U+5709	어
U+570A	청
U+570B	국
U+570D	위
U+5712	원
U+5713	원
U+5716	도
U+5718	단
U+571C	원
U+571F	토
U+5725	록
U+5728	재
U+5729	우
U+572A	을
U+572C	오
U+572D	규
U+572E	비
U+5730	지
U+573B	기
U+573E	급
U+5740	지
U+5741	지
U+5742	판
U+5747	균
U+574A	방
U+574C	분
U+574D	담
U+574E	감
U+574F	배
U+5750	좌
U+5751	갱
U+5761	파
U+5764	곤
U+5766	탄
U+5767	척
U+5768	이
U+5769	감
U+576A	평
U+576E	대
U+576F	배
U+5770	경
U+5771	앙
U+5773	요
U+5775	구
U+5777	가
U+5778	구
U+577B	지
U+577C	탁
U+5782	수
U+5788	대
U+578B	형
U+578C	동
U+5793	해
U+5795	후
U+579E	타
U+57A0	은
U+57A2	구
U+57A3	원
U+57A4	질
U+57B8	완
U+57BD	은
U+57C3	애
U+57C6	각
U+57C7	용
U+57C8	준
U+57C9	협
U+57CB	매
U+57CE	성
U+57CF	연
U+57D1	철
U+57D2	랄
U+57DC	야
U+57DF	역
U+57E0	부
U+57E4	비
U+57E9	정
U+57ED	태
U+57EE	담
U+57F0	채
U+57F3	감
U+57F4	식
U+57F6	예
U+57F7	집
U+57F9	배
U+57FA	기
U+57FB	준
U+57FC	기
U+57FD	소
U+5800	굴
U+5802	당
U+5803	곤
U+5804	예
U+5805	견
U+5806	퇴
U+5807	근
U+5808	강
U+5809	육
U+580A	악
U+580B	붕
U+5817	돌
U+5819	인
U+581D	과
U+581E	첩
U+5820	후
U+5821	보
U+5823	우
U+5824	제
U+5825	무
U+5826	계
U+5827	연
U+582A	감
U+582D	황
U+582F	요
U+5830	언
U+5831	보
U+5834	장
U+5835	도
U+583A	계
U+5840	병
U+5849	척
U+584A	괴
U+584B	영
U+584C	탑
U+584D	승
U+584F	개
U+5850	소
U+5851	소
U+5852	시
U+5854	탑
U+5857	도
U+5858	당
U+5859	고
U+585A	총
U+585E	새
U+5861	전
U+5862	오
U+5864	훈
U+5869	염
U+5875	진
U+5879	참
U+587C	전
U+587D	상
U+587E	숙
U+5880	지
U+5881	만
U+5883	경
U+5885	서
U+5889	용
U+588A	점
U+588C	척
U+588D	기
U+5890	근
U+5893	묘
U+589C	추
U+589D	요
U+589E	증
U+589F	허
U+58A1	선
U+58A3	복
U+58A8	묵
U+58A9	돈
U+58AB	준
U+58AE	타
U+58B0	담
U+58B1	등
U+58B3	분
U+58BA	오
U+58BB	장
U+58BE	간
U+58C1	벽
U+58C3	강
U+58C5	옹
U+58C7	단
U+58CE	훈
U+58D1	학
U+58D3	압
U+58D4	도
U+58D5	호
U+58D8	루
U+58D9	광
U+58DA	로
U+58DC	담
U+58DD	유
U+58DE	괴
U+58DF	롱
U+58E1	예
U+58E4	양
U+58EB	사
U+58EC	임
U+58EE	장
U+58EF	장
U+58F9	일
U+58FA	호
U+58FB	서
U+58FD	수
U+5906	봉
U+5908	재
U+590F	하
U+5910	형
U+5914	기
U+5915	석
U+5916	외
U+5919	숙
U+591A	다
U+591B	다
U+591C	야
U+5922	몽
U+5924	인
U+5925	과
U+5927	대
U+5929	천
U+592A	태
U+592B	부
U+592C	쾌
U+592D	요
U+592E	앙
U+592F	항
U+5931	실
U+5932	도
U+5937	이
U+5938	과
U+593D	운
U+593E	협
U+5944	엄
U+5947	기
U+5948	나
U+5949	봉
U+594C	점
U+594E	규
U+594F	주
U+5950	환
U+5951	계
U+5953	차
U+5954	분
U+5955	혁
U+5957	투
U+5958	장
U+595A	해
U+595C	비
U+5960	전
U+5962	사
U+5967	오
U+5969	렴
U+596A	탈
U+596B	윤
U+596C	장
U+596D	석
U+596E	분
U+5971	련
U+5972	다
U+5973	녀
U+5974	노
U+5976	내
U+5978	간
U+597D	호
U+5982	여
U+5983	비
U+5984	망
U+598A	임
U+598C	정
U+598D	연
U+5991	파
U+5992	투
U+5993	기
U+5996	요
U+5997	금
U+5998	운
U+5999	묘
U+599D	장
U+599F	안
U+59A3	비
U+59A4	여
U+59A5	타
U+59A7	완
U+59A8	방
U+59AC	투
U+59AE	니
U+59AF	축
U+59B1	초
U+59B2	달
U+59B5	주
U+59B6	현
U+59B8	아
U+59B9	매
U+59BB	처
U+59BE	첩
U+59BF	아
U+59C1	후
U+59C3	정
U+59C6	모
U+59C8	령
U+59C9	자
U+59CA	자
U+59CB	시
U+59CD	산
U+59D0	저
U+59D1	고
U+59D2	사
U+59D3	성
U+59D4	위
U+59D9	임
U+59DA	요
U+59DC	강
U+59DD	주
U+59DE	길
U+59DF	해
U+59E2	연
U+59E3	교
U+59E4	구
U+59E5	모
U+59E6	간
U+59E8	이
U+59EA	질
U+59EB	희
U+59EC	희
U+59EE	항
U+59F0	순
U+59F2	안
U+59F7	유
U+59F8	연
U+59F9	차
U+59FA	신
U+59FB	인
U+59FC	제
U+59FF	자
U+5A01	위
U+5A03	와
U+5A09	빙
U+5A0A	현
U+5A0D	성
U+5A11	사
U+5A13	미
U+5A18	낭
U+5A19	형
U+5A1B	오
U+5A1C	나
U+5A1F	연
U+5A20	신
U+5A23	제
U+5A25	아
U+5A27	태
U+5A29	만
U+5A2B	연
U+5A2D	애
U+5A35	추
U+5A36	취
U+5A3C	창
U+5A3F	아
U+5A40	아
U+5A41	루
U+5A46	파
U+5A47	채
U+5A49	완
U+5A4B	호
U+5A4C	숙
U+5A50	와
U+5A51	유
U+5A5A	혼
U+5A60	완
U+5A62	비
U+5A63	인
U+5A66	부
U+5A67	정
U+5A69	안
U+5A6A	람
U+5A6D	아
U+5A72	화
U+5A77	정
U+5A7F	서
U+5A84	미
U+5A8D	부
U+5A90	이
U+5A92	매
U+5A93	황
U+5A95	암
U+5A9A	미
U+5A9B	원
U+5A9E	시
U+5A9F	설
U+5AA2	모
U+5AA4	시
U+5AA7	왜
U+5AAA	오
U+5AB3	식
U+5AB5	잉
U+5ABA	미
U+5ABB	반
U+5ABC	온
U+5ABD	마
U+5ABE	구
U+5ABF	괴
U+5AC1	가
U+5AC2	수
U+5AC4	원
U+5AC8	앵
U+5AC9	질
U+5ACB	뇨
U+5ACC	혐
U+5AD5	예
U+5AD6	표
U+5AD7	구
U+5AD9	선
U+5ADA	만
U+5ADB	예
U+5ADD	강
U+5AE0	리
U+5AE1	적
U+5AE2	규
U+5AE3	언
U+5AE4	근
U+5AE5	전
U+5AE6	항
U+5AE9	눈
U+5AEB	모
U+5AEC	서
U+5AED	호
U+5AEE	호
U+5AEF	오
U+5AF6	초
U+5AFA	한
U+5AFB	한
U+5AFD	료
U+5B00	규
U+5B05	화
U+5B08	요
U+5B09	희
U+5B0B	선
U+5B0C	교
U+5B16	폐
U+5B19	장
U+5B1B	현
U+5B25	조
U+5B28	자
U+5B2A	빈
U+5B2D	내
U+5B30	영
U+5B32	뇨
U+5B34	영
U+5B3E	란
U+5B3F	연
U+5B40	상
U+5B43	양
U+5B45	섬
U+5B4C	련
U+5B50	자
U+5B51	혈
U+5B54	공
U+5B55	잉
U+5B56	자
U+5B57	자
U+5B58	존
U+5B5A	부
U+5B5B	패
U+5B5C	자
U+5B5D	효
U+5B5F	맹
U+5B61	태
U+5B63	계
U+5B64	고
U+5B65	노
U+5B66	학
U+5B69	해
U+5B6B	손
U+5B70	숙
U+5B71	잔
U+5B75	부
U+5B76	자
U+5B78	학
U+5B7A	유
U+5B7C	얼
U+5B7F	산
U+5B81	저
U+5B82	용
U+5B85	댁
U+5B87	우
U+5B88	수
U+5B89	안
U+5B8A	가
U+5B8B	송
U+5B8C	완
U+5B8F	굉
U+5B93	복
U+5B95	탕
U+5B96	횡
U+5B97	종
U+5B98	관
U+5B99	주
U+5B9A	정
U+5B9B	완
U+5B9C	의
U+5B9D	보
U+5B9F	실
U+5BA2	객
U+5BA3	선
U+5BA4	실
U+5BA5	유
U+5BA6	환
U+5BAC	성
U+5BAE	궁
U+5BB0	재
U+5BB3	해
U+5BB4	연
U+5BB5	소
U+5BB6	가
U+5BB8	신
U+5BB9	용
U+5BBF	수
U+5BC0	채
U+5BC2	적
U+5BC3	원
U+5BC4	기
U+5BC5	인
U+5BC6	밀
U+5BC7	구
U+5BCC	부
U+5BD0	매
U+5BD2	한
U+5BD3	우
U+5BD4	식
U+5BD6	침
U+5BD7	녕
U+5BD8	치
U+5BDB	관
U+5BDE	막
U+5BDF	찰
U+5BE1	과
U+5BE2	침
U+5BE4	오
U+5BE5	요
U+5BE6	실
U+5BE7	녕
U+5BE8	채
U+5BE9	심
U+5BEB	사
U+5BEC	관
U+5BED	혜
U+5BEE	료
U+5BEF	준
U+5BF0	환
U+5BF5	총
U+5BF6	보
U+5BF8	촌
U+5BFA	사
U+5BFF	수
U+5C01	봉
U+5C04	사
U+5C05	극
U+5C06	장
U+5C07	장
U+5C08	전
U+5C09	위
U+5C0A	존
U+5C0B	심
U+5C0C	주
U+5C0D	대
U+5C0E	도
U+5C0F	소
U+5C11	소
U+5C14	이
U+5C16	첨
U+5C19	상
U+5C1F	선
U+5C20	선
U+5C24	우
U+5C28	방
U+5C2B	왕
U+5C31	취
U+5C38	시
U+5C39	윤
U+5C3A	척
U+5C3B	고
U+5C3C	니
U+5C3D	진
U+5C3E	미
U+5C3F	뇨
U+5C40	국
U+5C41	비
U+5C45	거
U+5C46	계
U+5C47	전
U+5C48	굴
U+5C4B	옥
U+5C4D	시
U+5C4E	시
U+5C50	극
U+5C51	설
U+5C55	전
U+5C5B	병
U+5C60	도
U+5C62	루
U+5C64	층
U+5C65	리
U+5C68	구
U+5C6C	속
U+5C6F	둔
U+5C71	산
U+5C73	선
U+5C79	흘
U+5C7A	기
U+5C88	하
U+5C8A	절
U+5C8C	급
U+5C8F	완
U+5C90	기
U+5C91	잠
U+5C92	겸
U+5C94	차
U+5C9D	작
U+5CA1	강
U+5CA3	구
U+5CA5	파
U+5CA6	립
U+5CA7	초
U+5CA8	저
U+5CA9	암
U+5CAA	불
U+5CAB	수
U+5CAC	갑
U+5CAD	령
U+5CB1	대
U+5CB3	악
U+5CB5	호
U+5CB7	민
U+5CB8	안
U+5CBA	령
U+5CBE	점
U+5CC0	수
U+5CCB	순
U+5CD2	동
U+5CD9	치
U+5CE0	상
U+5CE8	아
U+5CE9	아
U+5CED	초
U+5CEF	봉
U+5CF0	봉
U+5CF1	노
U+5CF4	현
U+5CF6	도
U+5CFB	준
U+5CFD	협
U+5D06	공
U+5D07	숭
U+5D0D	래
U+5D0E	기
U+5D10	곤
U+5D11	곤
U+5D14	최
U+5D15	애
U+5D16	애
U+5D17	강
U+5D18	륜
U+5D19	륜
U+5D1B	굴
U+5D1F	음
U+5D22	쟁
U+5D24	효
U+5D26	엄
U+5D27	숭
U+5D29	붕
U+5D34	외
U+5D3D	재
U+5D41	감
U+5D42	률
U+5D44	미
U+5D4B	미
U+5D4C	감
U+5D4E	우
U+5D50	람
U+5D53	암
U+5D54	외
U+5D69	숭
U+5D6C	외
U+5D6F	차
U+5D70	겸
U+5D71	용
U+5D81	루
U+5D82	장
U+5D84	참
U+5D86	조
U+5D87	구
U+5D8B	도
U+5D92	증
U+5D94	금
U+5D95	초
U+5D99	린
U+5D9D	등
U+5DA0	교
U+5DA2	요
U+5DA7	역
U+5DAA	업
U+5DAB	업
U+5DAE	험
U+5DB0	해
U+5DB7	의
U+5DB8	영
U+5DBA	령
U+5DBC	서
U+5DBD	악
U+5DBE	은
U+5DC9	참
U+5DCB	규
U+5DCD	외
U+5DD1	찬
U+5DD2	만
U+5DD3	전
U+5DD6	암
U+5DDA	헌
U+5DDD	천
U+5DDE	주
U+5DE0	경
U+5DE1	순
U+5DE2	소
U+5DE5	공
U+5DE6	좌
U+5DE7	교
U+5DE8	거
U+5DEB	무
U+5DEE	차
U+5DF1	기
U+5DF2	이
U+5DF3	사
U+5DF4	파
U+5DF5	치
U+5DF7	항
U+5DF8	이
U+5DF9	근
U+5DFD	손
U+5DFE	건
U+5E02	시
U+5E03	포
U+5E06	범
U+5E09	분
U+5E0C	희
U+5E11	탕
U+5E15	말
U+5E16	첩
U+5E19	질
U+5E1A	추
U+5E1B	백
U+5E1D	제
U+5E20	예
U+5E25	솔
U+5E28	세
U+5E2B	사
U+5E2D	석
U+5E33	장
U+5E36	대
U+5E37	유
U+5E38	상
U+5E3D	모
U+5E3F	후
U+5E40	정
U+5E43	위
U+5E44	악
U+5E45	폭
U+5E47	방
U+5E4C	황
U+5E4E	멱
U+5E54	만
U+5E55	막
U+5E58	책
U+5E5E	복
U+5E5F	치
U+5E61	번
U+5E62	당
U+5E63	폐
U+5E68	첨
U+5E6A	몽
U+5E6B	방
U+5E6C	주
U+5E70	헌
U+5E71	란
U+5E72	간
U+5E73	평
U+5E74	년
U+5E76	병
U+5E77	병
U+5E78	행
U+5E79	간
U+5E7A	요
U+5E7B	환
U+5E7C	유
U+5E7D	유
U+5E7E	기
U+5E7F	엄
U+5E80	비
U+5E83	광
U+5E84	장
U+5E87	비
U+5E8A	상
U+5E8B	기
U+5E8F	서
U+5E95	저
U+5E96	포
U+5E97	점
U+5E9A	경
U+5E9C	부
U+5EA0	상
U+5EA5	휴
U+5EA6	도
U+5EA7	좌
U+5EA8	효
U+5EAB	고
U+5EAD	정
U+5EB3	비
U+5EB5	암
U+5EB6	서
U+5EB7	강
U+5EB8	용
U+5EBD	우
U+5EBE	유
U+5EC1	측
U+5EC2	상
U+5EC8	하
U+5EC9	렴
U+5ECA	랑
U+5ECB	수
U+5ECF	구
U+5ED0	구
U+5ED1	근
U+5ED3	곽
U+5ED5	음
U+5ED6	료
U+5ED9	이
U+5EDA	주
U+5EDB	전
U+5EDD	시
U+5EDE	흠
U+5EDF	묘
U+5EE0	창
U+5EE1	무
U+5EE2	폐
U+5EE3	광
U+5EE5	괴
U+5EE7	장
U+5EE8	해
U+5EE9	름
U+5EEC	려
U+5EF1	옹
U+5EF3	청
U+5EF6	연
U+5EF7	정
U+5EFA	건
U+5EFB	회
U+5EFF	입
U+5F01	변
U+5F03	기
U+5F04	롱
U+5F07	감
U+5F08	혁
U+5F0A	폐
U+5F0B	익
U+5F0F	식
U+5F11	시
U+5F12	시
U+5F13	궁
U+5F14	조
U+5F15	인
U+5F17	불
U+5F18	홍
U+5F1B	이
U+5F1F	제
U+5F22	도
U+5F25	미
U+5F26	현
U+5F27	호
U+5F29	노
U+5F2D	미
U+5F31	약
U+5F34	돈
U+5F35	장
U+5F37	강
U+5F3A	강
U+5F3C	필
U+5F40	구
U+5F46	별
U+5F48	탄
U+5F4A	강
U+5F4C	미
U+5F4E	만
U+5F54	록
U+5F56	단
U+5F57	세
U+5F58	체
U+5F59	휘
U+5F5B	이
U+5F5D	이
U+5F62	형
U+5F64	동
U+5F65	언
U+5F66	언
U+5F67	욱
U+5F69	채
U+5F6A	표
U+5F6B	조
U+5F6C	빈
U+5F6D	팽
U+5F70	창
U+5F71	영
U+5F77	방
U+5F79	역
U+5F7C	피
U+5F7F	불
U+5F80	왕
U+5F81	정
U+5F82	조
U+5F85	대
U+5F87	순
U+5F88	흔
U+5F89	양
U+5F8A	회
U+5F8B	률
U+5F8C	후
U+5F90	서
U+5F91	경
U+5F92	도
U+5F97	득
U+5F98	배
U+5F99	사
U+5F9C	상
U+5F9E	종
U+5FA0	래
U+5FA1	어
U+5FA3	차
U+5FA7	편
U+5FA8	황
U+5FA9	복
U+5FAA	순
U+5FAC	방
U+5FAD	요
U+5FAE	미
U+5FAF	혜
U+5FB3	덕
U+5FB5	징
U+5FB7	덕
U+5FB9	철
U+5FBC	요
U+5FBD	휘
U+5FC3	심
U+5FC5	필
U+5FC8	인
U+5FC9	도
U+5FCC	기
U+5FCD	인
U+5FCE	인
U+5FD0	탐
U+5FD2	특
U+5FD3	간
U+5FD5	세
U+5FD6	촌
U+5FD7	지
U+5FD8	망
U+5FD9	망
U+5FDD	첨
U+5FDE	민
U+5FDF	민
U+5FE0	충
U+5FE1	충
U+5FE4	오
U+5FE8	완
U+5FEB	쾌
U+5FED	변
U+5FEE	기
U+5FEF	기
U+5FF1	침
U+5FF5	념
U+5FF8	뉴
U+5FFB	흔
U+5FFC	강
U+5FFD	홀
U+5FFF	분
U+600A	초
U+600D	작
U+600F	앙
U+6012	로
U+6014	정
U+6015	파
U+6016	포
U+6017	첩
U+6019	호
U+601B	달
U+601C	령
U+601D	사
U+6020	태
U+6021	이
U+6025	급
U+6026	평
U+6027	성
U+6028	원
U+6029	니
U+602A	괴
U+602F	겁
U+6030	현
U+6033	황
U+6041	임
U+6042	순
U+6043	시
U+6046	항
U+6047	광
U+6048	모
U+604A	협
U+604D	황
U+6050	공
U+6052	항
U+6054	효
U+6055	서
U+6059	양
U+605A	에
U+605D	괄
U+605F	흉
U+6060	괴
U+6062	회
U+6063	자
U+6064	휼
U+6065	치
U+6068	한
U+6069	은
U+606A	각
U+606B	통
U+606C	념
U+606D	공
U+606F	식
U+6070	흡
U+6075	혜
U+6081	연
U+6083	곤
U+6084	초
U+6085	열
U+6086	서
U+6089	실
U+608A	철
U+608B	린
U+608C	제
U+608D	한
U+608F	협
U+6092	읍
U+6094	회
U+6095	희
U+6096	패
U+6097	문
U+609A	송
U+609B	전
U+609F	오
U+60A0	유
U+60A2	량
U+60A3	환
U+60A4	총
U+60A7	리
U+60B0	종
U+60B1	비
U+60B2	비
U+60B3	덕
U+60B4	췌
U+60B5	창
U+60B6	민
U+60B8	계
U+60BB	행
U+60BC	도
U+60BD	처
U+60BE	강
U+60C4	녁
U+60C5	정
U+60C6	추
U+60C7	돈
U+60C9	첨
U+60CB	완
U+60CF	람
U+60D1	혹
U+60D3	권
U+60D4	담
U+60D5	척
U+60D7	녑
U+60D8	망
U+60D9	철
U+60DA	홀
U+60DB	혼
U+60DC	석
U+60DD	창
U+60DE	흔
U+60DF	유
U+60E0	혜
U+60E1	악
U+60E2	쇄
U+60F0	타
U+60F1	뇌
U+60F2	운
U+60F3	상
U+60F4	췌
U+60F6	황
U+60F7	준
U+60F8	경
U+60F9	야
U+60FA	성
U+60FB	측
U+60FC	편
U+6100	초
U+6101	수
U+6103	선
U+6106	건
U+6108	유
U+6109	유
U+610D	민
U+610E	퍅
U+610F	의
U+6114	음
U+6115	악
U+611A	우
U+611B	애
U+611C	협
U+611E	난
U+611F	감
U+6122	새
U+6127	괴
U+6128	각
U+612B	소
U+612C	소
U+612D	기
U+6130	황
U+6134	창
U+6137	개
U+613C	신
U+613E	개
U+613F	원
U+6142	용
U+6144	률
U+6146	도
U+6147	은
U+6148	자
U+614A	겸
U+614B	태
U+614C	황
U+614D	온
U+614F	명
U+6152	종
U+6153	표
U+6154	모
U+6155	모
U+6158	참
U+6159	참
U+615A	참
U+615C	민
U+615D	특
U+615F	통
U+6160	오
U+6161	상
U+6162	만
U+6163	관
U+6164	각
U+6167	혜
U+6168	개
U+616A	우
U+616B	종
U+616E	려
U+6170	위
U+6171	단
U+6173	간
U+6174	습
U+6175	용
U+6176	경
U+6177	강
U+617A	루
U+617C	척
U+617D	척
U+617E	욕
U+6181	총
U+6182	우
U+6183	용
U+618A	비
U+618D	교
U+618E	증
U+6190	련
U+6191	빙
U+6192	궤
U+6193	혜
U+6194	초
U+6196	은
U+6198	희
U+6199	희
U+619A	탄
U+61A4	분
U+61A7	동
U+61A8	감
U+61A9	게
U+61AB	민
U+61AC	경
U+61AE	무
U+61AF	참
U+61B2	헌
U+61B6	억
U+61B8	섬
U+61BA	담
U+61BB	탄
U+61BC	경
U+61BD	송
U+61BE	감
U+61C3	근
U+61C6	조
U+61C7	간
U+61C8	해
U+61C9	응
U+61CA	오
U+61CB	무
U+61CC	역
U+61CF	준
U+61D5	염
U+61D7	하
U+61DE	몽
U+61DF	대
U+61E3	문
U+61E6	나
U+61F2	징
U+61F6	라
U+61F7	회
U+61F8	현
U+61FA	참
U+61FC	구
U+61FD	환
U+61FE	섭
U+61FF	의
U+6200	련
U+6207	당
U+6208	과
U+620A	무
U+620C	술
U+620D	수
U+620E	융
U+6210	성
U+6211	아
U+6212	계
U+6214	잔
U+6215	장
U+6216	혹
U+621A	척
U+621E	알
U+621F	극
U+6221	감
U+6222	집
U+6227	창
U+6229	전
U+622A	절
U+622D	연
U+622E	륙
U+6230	전
U+6231	희
U+6232	희
U+6233	착
U+6234	대
U+6235	구
U+6236	호
U+6239	액
U+623E	려
U+623F	방
U+6240	소
U+6241	편
U+6243	경
U+6247	선
U+6248	호
U+6249	비
U+624A	염
U+624B	수
U+624D	재
U+624E	찰
U+6251	복
U+6252	배
U+6253	타
U+6257	재
U+6258	탁
U+625B	강
U+625C	우
U+625E	한
U+6263	구
U+6268	인
U+626E	분
U+6271	급
U+6273	반
U+6276	부
U+6279	비
U+627A	지
U+627C	액
U+627E	조
U+627F	승
U+6280	기
U+6283	변
U+6284	초
U+6286	문
U+6289	결
U+628A	파
U+628F	완
U+6291	억
U+6292	서
U+6294	부
U+6295	투
U+6296	두
U+6297	항
U+6298	절
U+629B	포
U+62A6	병
U+62A8	평
U+62AB	피
U+62AC	대
U+62AE	진
U+62B1	포
U+62B2	하
U+62B5	저
U+62B9	말
U+62BC	압
U+62BD	추
U+62C2	불
U+62C4	주
U+62C5	단
U+62C6	탁
U+62C7	무
U+62C8	념
U+62C9	랍
U+62CA	부
U+62CB	포
U+62CC	반
U+62CD	박
U+62CF	라
U+62D0	괴
U+62D1	겸
U+62D2	거
U+62D3	척
U+62D4	발
U+62D5	타
U+62D6	타
U+62D7	요
U+62D8	구
U+62D9	졸
U+62DB	초
U+62DC	배
U+62EC	괄
U+62ED	식
U+62EE	길
U+62EF	증
U+62F1	공
U+62F3	권
U+62F5	존
U+62F6	찰
U+62F7	고
U+62FD	예
U+62FE	습
U+62FF	나
U+6301	지
U+6302	괘
U+6307	지
U+6309	안
U+630C	격
U+6310	나
U+6311	도
U+6312	렬
U+6328	애
U+632A	나
U+632B	좌
U+632F	진
U+6339	읍
U+633A	정
U+633B	연
U+633D	만
U+633E	협
U+6342	오
U+6343	군
U+6344	구
U+6346	곤
U+6349	착
U+634C	팔
U+634D	한
U+634E	소
U+634F	날
U+6350	연
U+6353	야
U+6355	포
U+6357	척
U+635A	재
U+6367	봉
U+6368	사
U+6369	렬
U+636B	문
U+636E	거
U+6371	애
U+6372	권
U+6376	추
U+6377	첩
U+637A	날
U+637B	념
U+637F	서
U+6380	흔
U+6383	소
U+6384	륜
U+6387	철
U+6388	수
U+6389	도
U+638A	부
U+638C	장
U+638E	기
U+638F	도
U+6392	배
U+6396	액
U+6398	굴
U+639B	괘
U+639C	예
U+639F	정
U+63A0	략
U+63A1	채
U+63A2	탐
U+63A5	접
U+63A7	공
U+63A8	추
U+63A9	엄
U+63AA	조
U+63AC	국
U+63BE	연
U+63C0	간
U+63C3	전
U+63C4	유
U+63C6	규
U+63C9	유
U+63CF	묘
U+63D0	제
U+63D2	삽
U+63D6	읍
U+63DA	양
U+63DB	환
U+63DF	서
U+63E0	알
U+63E1	악
U+63E3	췌
U+63E9	개
U+63EB	추
U+63ED	게
U+63EE	휘
U+63F2	설
U+63F4	원
U+63F5	건
U+63F6	야
U+63F7	삽
U+6406	구
U+6409	각
U+640D	손
U+640F	박
U+6412	방
U+6414	소
U+6416	요
U+6417	도
U+6418	지
U+641C	수
U+6420	삭
U+6422	진
U+6424	액
U+6425	추
U+6428	탑
U+642A	당
U+642B	반
U+642C	반
U+642D	탑
U+642F	도
U+6430	골
U+6434	건
U+6436	창
U+643A	휴
U+643E	착
U+6458	적
U+645B	리
U+645E	라
U+6460	총
U+6467	최
U+6469	마
U+646D	척
U+646F	지
U+6473	구
U+6478	모
U+6479	모
U+647A	접
U+647B	섬
U+647D	표
U+6485	궤
U+6488	로
U+6490	탱
U+6491	탱
U+6492	살
U+6493	뇨
U+6495	서
U+6499	준
U+649A	년
U+649B	린
U+649D	휘
U+649E	당
U+649F	교
U+64A4	철
U+64A5	발
U+64A9	료
U+64AB	무
U+64AD	파
U+64AE	촬
U+64B0	찬
U+64B2	박
U+64BB	달
U+64BC	감
U+64BE	과
U+64BF	검
U+64C1	옹
U+64C4	로
U+64C5	천
U+64C7	택
U+64C9	착
U+64CA	격
U+64CD	조
U+64CE	경
U+64D0	환
U+64D2	금
U+64D4	담
U+64D5	휴
U+64D7	벽
U+64D8	벽
U+64DA	거
U+64E0	제
U+64E1	대
U+64E2	탁
U+64E3	도
U+64E5	람
U+64E6	찰
U+64E7	거
U+64EC	의
U+64ED	화
U+64EF	빈
U+64F1	각
U+64F2	척
U+64F4	확
U+64FA	파
U+64FE	요
U+6500	반
U+6502	뢰
U+6504	터
U+6507	헌
U+650A	력
U+650F	롱
U+6514	란
U+6518	양
U+6519	참
U+651B	찬
U+651D	섭
U+6522	찬
U+6523	련
U+6524	탄
U+652A	교
U+652B	확
U+652C	람
U+652F	지
U+6532	기
U+6536	수
U+6537	고
U+6538	유
U+6539	개
U+653B	공
U+653D	반
U+653E	방
U+653F	정
U+6543	민
U+6545	고
U+6548	효
U+6549	미
U+654D	서
U+654E	교
U+654F	민
U+6551	구
U+6552	진
U+6554	어
U+6555	칙
U+6556	오
U+6557	패
U+6558	서
U+6559	교
U+655D	폐
U+655E	창
U+6562	감
U+6563	산
U+6566	돈
U+656C	경
U+656D	양
U+6572	고
U+6574	정
U+6575	적
U+6577	부
U+6578	삭
U+657E	선
U+6581	두
U+6582	렴
U+6583	폐
U+6585	효
U+6587	문
U+658C	빈
U+6590	비
U+6591	반
U+6595	란
U+6597	두
U+6599	료
U+659B	곡
U+659C	사
U+659D	가
U+659F	짐
U+65A1	알
U+65A4	근
U+65A5	척
U+65A7	부
U+65AB	작
U+65AC	참
U+65AF	사
U+65B0	신
U+65B1	작
U+65B2	착
U+65B4	린
U+65B7	단
U+65B9	방
U+65BC	어
U+65BD	시
U+65BF	유
U+65C1	방
U+65C2	기
U+65C3	전
U+65C4	모
U+65C5	려
U+65C6	패
U+65CA	방
U+65CB	선
U+65CC	정
U+65CF	족
U+65D2	류
U+65D7	기
U+65E0	무
U+65E3	기
U+65E5	일
U+65E6	단
U+65E8	지
U+65E9	조
U+65EC	순
U+65ED	욱
U+65F1	한
U+65F2	대
U+65F4	우
U+65F9	시
U+65FA	왕
U+65FB	민
U+65FC	민
U+65FD	돈
U+65FF	오
U+6600	윤
U+6602	앙
U+6603	측
U+6606	곤
U+6607	승
U+6608	호
U+6609	방
U+660A	호
U+660C	창
U+660D	헌
U+660E	명
U+660F	혼
U+6610	분
U+6611	금
U+6613	역
U+6614	석
U+6615	흔
U+661B	거
U+661C	양
U+661E	병
U+661F	성
U+6620	영
U+6621	현
U+6623	진
U+6624	령
U+6625	춘
U+6627	매
U+6628	작
U+662B	구
U+662D	소
U+662F	시
U+6630	하
U+6631	욱
U+6634	묘
U+6635	닐
U+6636	창
U+6637	온
U+663A	병
U+663B	앙
U+6641	조
U+6642	시
U+6643	황
U+6644	황
U+6648	교
U+6649	진
U+664B	진
U+664C	상
U+664E	홍
U+664F	안
U+6650	해
U+6651	향
U+6659	준
U+665A	만
U+665B	현
U+665D	주
U+665E	희
U+665F	성
U+6660	성
U+6661	포
U+6662	절
U+6664	오
U+6665	환
U+6666	회
U+6667	호
U+6668	신
U+6669	만
U+666B	탁
U+666C	수
U+666D	주
U+666E	보
U+666F	경
U+6670	석
U+6673	석
U+6674	청
U+6676	정
U+6677	귀
U+6678	정
U+6679	역
U+667A	지
U+667B	암
U+667D	림
U+667F	창
U+6684	훤
U+6687	가
U+6688	운
U+6689	휘
U+668B	민
U+668C	규
U+668E	영
U+6690	위
U+6691	서
U+6696	난
U+6697	암
U+6698	양
U+669A	요
U+669D	명
U+669E	교
U+66A0	고
U+66A2	창
U+66A3	기
U+66AB	잠
U+66AC	설
U+66AE	모
U+66B1	닐
U+66B2	장
U+66B3	혜
U+66B4	포
U+66B5	한
U+66B6	선
U+66B8	료
U+66B9	섬
U+66BA	탄
U+66BB	경
U+66BD	린
U+66BE	돈
U+66BF	희
U+66C0	에
U+66C1	기
U+66C4	엽
U+66C5	엽
U+66C6	력
U+66C7	담
U+66C8	동
U+66C9	효
U+66D3	포
U+66D4	경
U+66D6	애
U+66D8	유
U+66D9	서
U+66DA	몽
U+66DB	훈
U+66DC	요
U+66DD	폭
U+66DE	려
U+66E0	광
U+66E3	연
U+66E6	희
U+66E8	롱
U+66E9	낭
U+66EA	라
U+66EC	쇄
U+66EE	엄
U+66EF	촉
U+66F0	왈
U+66F2	곡
U+66F3	예
U+66F4	갱
U+66F7	갈
U+66F8	서
U+66F9	조
U+66FA	조
U+66FC	만
U+66FE	증
U+66FF	체
U+6700	최
U+6703	회
U+6704	인
U+6705	걸
U+6708	월
U+6709	유
U+670A	원
U+670B	붕
U+670C	반
U+670D	복
U+670E	령
U+6714	삭
U+6715	짐
U+6717	랑
U+671B	망
U+671D	조
U+671E	기
U+671F	기
U+6720	영
U+6722	망
U+6723	동
U+6726	몽
U+6727	롱
U+6728	목
U+672A	미
U+672B	말
U+672C	본
U+672D	찰
U+672E	출
U+6731	주
U+6733	팔
U+6734	박
U+6736	타
U+673A	궤
U+673D	후
U+673E	정
U+6745	우
U+6746	간
U+6749	삼
U+674B	범
U+674C	올
U+674E	리
U+674F	행
U+6750	재
U+6751	촌
U+6753	표
U+6756	장
U+675C	두
U+675D	이
U+675E	기
U+675F	속
U+6760	강
U+6765	래
U+676A	초
U+676C	완
U+676D	항
U+676F	배
U+6770	걸
U+6771	동
U+6772	고
U+6773	묘
U+6775	저
U+6777	파
U+677B	뉴
U+677C	저
U+677E	송
U+677F	판
U+6783	진
U+6787	비
U+6789	왕
U+678B	방
U+678C	분
U+678F	남
U+6790	석
U+6792	아
U+6793	두
U+6795	침
U+6797	림
U+6798	예
U+6799	와
U+679A	매
U+679C	과
U+679D	지
U+67AF	고
U+67B0	평
U+67B2	시
U+67B3	지
U+67B6	가
U+67B7	가
U+67B8	구
U+67BB	설
U+67BC	엽
U+67BE	시
U+67C1	타
U+67C4	병
U+67C5	니
U+67CA	종
U+67CF	백
U+67D0	모
U+67D1	감
U+67D2	칠
U+67D3	염
U+67D4	유
U+67D6	소
U+67D7	송
U+67D8	자
U+67D9	합
U+67DA	유
U+67DD	탁
U+67DE	작
U+67DF	남
U+67E2	저
U+67E9	구
U+67EC	간
U+67EF	가
U+67F0	나
U+67F1	주
U+67F3	류
U+67F4	시
U+67F5	책
U+67F6	사
U+67F9	시
U+67FB	사
U+67FE	정
U+67FF	시
U+6803	회
U+6804	영
U+6810	영
U+6812	순
U+6813	전
U+6816	서
U+6817	률
U+681D	괄
U+681E	간
U+6821	교
U+6822	백
U+682A	주
U+682E	이
U+682F	욱
U+6831	공
U+6832	고
U+6834	전
U+6838	핵
U+6839	근
U+683B	식
U+683C	격
U+683D	재
U+6840	걸
U+6841	항
U+6842	계
U+6843	도
U+6844	광
U+6846	광
U+6848	안
U+6849	안
U+684E	질
U+6850	동
U+6851	상
U+6853	환
U+6854	길
U+686D	진
U+686F	정
U+6874	부
U+6876	통
U+6877	각
U+687E	군
U+687F	간
U+6881	량
U+6883	정
U+6885	매
U+6886	방
U+688F	곡
U+6893	재
U+6894	치
U+6897	경
U+689B	나
U+689D	조
U+689F	효
U+68A0	려
U+68A1	관
U+68A2	초
U+68A3	심
U+68A7	오
U+68A8	리
U+68AD	사
U+68AF	제
U+68B0	계
U+68B1	곤
U+68B3	소
U+68B5	범
U+68B6	미
U+68C4	기
U+68C5	병
U+68C9	면
U+68CA	기
U+68CB	기
U+68CC	채
U+68CD	곤
U+68D0	비
U+68D2	봉
U+68D5	종
U+68D6	정
U+68D7	조
U+68D8	극
U+68DA	붕
U+68DF	동
U+68E0	당
U+68E3	체
U+68E7	잔
U+68E8	계
U+68EC	권
U+68EE	삼
U+68F2	서
U+68F9	도
U+68FA	관
U+68FB	분
U+68FC	분
U+68FD	림
U+6900	완
U+6901	곽
U+6904	접
U+6905	의
U+6906	주
U+690B	량
U+690D	식
U+690E	추
U+690F	아
U+6911	비
U+6912	초
U+6919	창
U+6927	명
U+6930	야
U+6934	단
U+6936	종
U+6939	침
U+693D	연
U+693F	춘
U+6942	사
U+694A	양
U+694F	규
U+6953	풍
U+6954	설
U+6955	타
U+6957	건
U+6959	무
U+695A	초
U+695D	련
U+695E	릉
U+6960	남
U+6961	유
U+6962	유
U+6963	미
U+6965	원
U+6968	정
U+696A	접
U+696B	즙
U+696C	갈
U+696D	업
U+696E	저
U+696F	순
U+6973	매
U+6975	극
U+6977	해
U+6978	추
U+6979	영
U+697B	황
U+698E	가
U+6991	부
U+6994	랑
U+6995	용
U+6998	구
U+699B	진
U+699C	방
U+699F	재
U+69A4	걸
U+69A5	황
U+69A6	간
U+69A7	비
U+69AD	사
U+69AE	영
U+69B0	지
U+69B1	최
U+69B2	온
U+69B4	류
U+69B7	교
U+69BA	승
U+69BB	탑
U+69BC	합
U+69BE	골
U+69BF	기
U+69C0	고
U+69C1	고
U+69C3	반
U+69C7	전
U+69CA	삭
U+69CB	구
U+69CC	퇴
U+69CD	창
U+69CE	차
U+69CF	겸
U+69D0	괴
U+69D3	공
U+69D6	탁
U+69E2	습
U+69E5	혜
U+69E6	용
U+69E7	참
U+69E8	곽
U+69E9	개
U+69EA	개
U+69ED	색
U+69F2	곡
U+69F9	고
U+69FB	규
U+69FD	조
U+69FF	근
U+6A00	적
U+6A02	락
U+6A05	종
U+6A0A	번
U+6A0B	통
U+6A11	량
U+6A12	밀
U+6A13	루
U+6A14	소
U+6A17	저
U+6A19	표
U+6A1B	규
U+6A1E	추
U+6A1F	장
U+6A21	모
U+6A23	상
U+6A29	권
U+6A2B	견
U+6A35	초
U+6A38	박
U+6A39	수
U+6A3A	화
U+6A3B	궤
U+6A3D	준
U+6A43	벌
U+6A44	감
U+6A45	모
U+6A47	취
U+6A48	요
U+6A49	린
U+6A4A	류
U+6A4B	교
U+6A4C	한
U+6A4D	윤
U+6A50	탁
U+6A52	운
U+6A53	순
U+6A58	귤
U+6A59	등
U+6A5A	숙
U+6A5E	혜
U+6A5F	기
U+6A60	나
U+6A61	상
U+6A62	타
U+6A64	예
U+6A66	동
U+6A6B	횡
U+6A72	희
U+6A75	산
U+6A7F	강
U+6A80	단
U+6A83	은
U+6A84	격
U+6A89	정
U+6A8D	억
U+6A8E	금
U+6A90	첨
U+6A94	당
U+6A97	벽
U+6A9C	회
U+6A9D	즙
U+6A9F	가
U+6AA0	경
U+6AA2	검
U+6AA3	장
U+6AAE	도
U+6AB3	빈
U+6AB6	염
U+6ABB	함
U+6ABC	은
U+6ABD	누
U+6ABF	염
U+6AC2	도
U+6AC3	궤
U+6AD3	로
U+6ADA	려
U+6ADB	즐
U+6ADC	고
U+6ADD	독
U+6ADE	연
U+6ADF	력
U+6AE8	로
U+6AEA	력
U+6AEC	친
U+6AF6	헌
U+6AFB	앵
U+6AFC	첨
U+6B02	박
U+6B03	참
U+6B04	란
U+6B0A	권
U+6B0C	장
U+6B11	찬
U+6B12	란
U+6B16	람
U+6B17	란
U+6B1E	령
U+6B20	흠
U+6B21	차
U+6B23	흔
U+6B25	일
U+6B2C	해
U+6B32	욕
U+6B37	희
U+6B38	애
U+6B39	의
U+6B3A	기
U+6B3B	훌
U+6B3D	흠
U+6B3E	관
U+6B3F	감
U+6B43	삽
U+6B46	흠
U+6B47	헐
U+6B49	겸
U+6B4A	효
U+6B4C	가
U+6B4E	탄
U+6B50	구
U+6B54	허
U+6B59	흡
U+6B5A	선
U+6B5B	감
U+6B5F	여
U+6B60	철
U+6B61	환
U+6B62	지
U+6B63	정
U+6B64	차
U+6B65	보
U+6B66	무
U+6B67	기
U+6B69	보
U+6B6A	왜
U+6B72	세
U+6B77	력
U+6B78	귀
U+6B7B	사
U+6B7F	몰
U+6B80	요
U+6B82	조
U+6B83	앙
U+6B84	진
U+6B86	태
U+6B89	순
U+6B8A	수
U+6B8D	표
U+6B91	긍
U+6B96	식
U+6B98	잔
U+6B9E	운
U+6BA2	체
U+6BA4	상
U+6BAB	탄
U+6BAD	강
U+6BAE	렴
U+6BAF	빈
U+6BB2	섬
U+6BB3	수
U+6BB5	단
U+6BB7	은
U+6BBA	살
U+6BBC	각
U+6BBD	효
U+6BBF	전
U+6BC0	훼
U+6BC1	훼
U+6BC4	격
U+6BC5	의
U+6BC6	구
U+6BCB	무
U+6BCD	모
U+6BCF	매
U+6BD2	독
U+6BD3	육
U+6BD4	비
U+6BD6	비
U+6BD7	비
U+6BD8	비
U+6BDA	참
U+6BDB	모
U+6BEB	호
U+6BEC	구
U+6BEF	담
U+6BF3	취
U+6BF8	시
U+6BFF	산
U+6C05	창
U+6C08	전
U+6C0F	씨
U+6C10	저
U+6C11	민
U+6C13	맹
U+6C1B	분
U+6C23	기
U+6C24	인
U+6C33	온
U+6C34	수
U+6C36	승
U+6C37	빙
U+6C38	영
U+6C3E	범
U+6C3F	궤
U+6C40	정
U+6C41	즙
U+6C42	구
U+6C43	팔
U+6C4B	작
U+6C4E	범
U+6C4F	대
U+6C50	석
U+6C52	망
U+6C53	수
U+6C54	흘
U+6C55	산
U+6C57	한
U+6C59	오
U+6C5A	오
U+6C5B	신
U+6C5C	사
U+6C5D	여
U+6C5E	홍
U+6C5F	강
U+6C60	지
U+6C66	지
U+6C68	골
U+6C69	율
U+6C6A	왕
U+6C6D	예
U+6C70	태
U+6C72	급
U+6C74	판
U+6C76	문
U+6C7A	결
U+6C7D	기
U+6C7E	분
U+6C81	심
U+6C82	기
U+6C83	옥
U+6C84	운
U+6C85	원
U+6C86	항
U+6C87	연
U+6C88	심
U+6C89	침
U+6C8C	돈
U+6C8D	호
U+6C90	목
U+6C92	몰
U+6C93	답
U+6C94	면
U+6C95	물
U+6C96	충
U+6C98	비
U+6C99	사
U+6C9A	지
U+6C9B	패
U+6CAB	말
U+6CAC	매
U+6CAE	저
U+6CB0	탁
U+6CB1	타
U+6CB3	하
U+6CB6	시
U+6CB8	비
U+6CB9	유
U+6CBB	치
U+6CBC	소
U+6CBD	고
U+6CBE	첨
U+6CBF	연
U+6CC1	황
U+6CC2	형
U+6CC4	설
U+6CC5	수
U+6CC6	일
U+6CC7	가
U+6CC9	천
U+6CCA	박
U+6CCC	비
U+6CD0	륵
U+6CD1	유
U+6CD3	홍
U+6CD4	감
U+6CD5	법
U+6CD7	사
U+6CD9	평
U+6CDA	자
U+6CDB	범
U+6CDC	지
U+6CDD	소
U+6CE0	령
U+6CE1	포
U+6CE2	파
U+6CE3	읍
U+6CE5	니
U+6CE8	주
U+6CEB	현
U+6CEE	반
U+6CEF	민
U+6CF0	태
U+6CF1	앙
U+6CF3	영
U+6CFF	은
U+6D04	회
U+6D07	인
U+6D0A	천
U+6D0B	양
U+6D0C	렬
U+6D11	보
U+6D12	선
U+6D14	지
U+6D17	선
U+6D19	수
U+6D1B	락
U+6D1E	동
U+6D1F	이
U+6D23	미
U+6D25	진
U+6D27	유
U+6D28	효
U+6D29	설
U+6D2A	홍
U+6D2B	혁
U+6D2C	속
U+6D2E	도
U+6D2F	결
U+6D32	주
U+6D35	순
U+6D36	흉
U+6D38	광
U+6D39	원
U+6D3A	명
U+6D3B	활
U+6D3C	와
U+6D3D	흡
U+6D3E	파
U+6D41	류
U+6D59	절
U+6D5A	준
U+6D5C	빈
U+6D61	발
U+6D63	완
U+6D64	굉
U+6D65	읍
U+6D66	포
U+6D67	영
U+6D69	호
U+6D6A	랑
U+6D6C	리
U+6D6E	부
U+6D6F	오
U+6D72	봉
U+6D74	욕
U+6D77	해
U+6D78	침
U+6D79	협
U+6D7F	패
U+6D82	도
U+6D85	열
U+6D87	경
U+6D88	소
U+6D89	섭
U+6D8C	용
U+6D8D	효
U+6D8E	연
U+6D8F	정
U+6D91	속
U+6D93	연
U+6D94	잠
U+6D95	체
U+6D96	리
U+6D97	세
U+6D98	사
U+6DAA	부
U+6DAB	관
U+6DAC	행
U+6DAF	애
U+6DB2	액
U+6DB4	완
U+6DB5	함
U+6DB7	동
U+6DB8	후
U+6DBC	량
U+6DBF	탁
U+6DC0	정
U+6DC3	권
U+6DC4	치
U+6DC5	석
U+6DC6	효
U+6DC7	기
U+6DC8	굴
U+6DCB	림
U+6DCC	창
U+6DCF	호
U+6DD0	창
U+6DD1	숙
U+6DD2	처
U+6DD6	뇨
U+6DD8	도
U+6DD9	종
U+6DDA	루
U+6DDD	비
U+6DDE	송
U+6DE0	비
U+6DE1	담
U+6DE2	역
U+6DE3	예
U+6DE4	어
U+6DE5	록
U+6DE6	감
U+6DE8	정
U+6DEA	륜
U+6DEB	음
U+6DEC	쉬
U+6DEE	회
U+6DF1	심
U+6DF3	순
U+6DF5	연
U+6DF6	래
U+6DF7	혼
U+6DF8	청
U+6DF9	엄
U+6DFA	천
U+6DFB	첨
U+6DFC	묘
U+6E05	청
U+6E08	제
U+6E0A	연
U+6E17	삼
U+6E19	환
U+6E1A	저
U+6E1B	감
U+6E1D	투
U+6E1F	정
U+6E20	거
U+6E21	도
U+6E22	범
U+6E23	사
U+6E24	발
U+6E25	악
U+6E26	와
U+6E28	외
U+6E2B	설
U+6E2C	측
U+6E2D	위
U+6E2F	항
U+6E32	선
U+6E34	갈
U+6E36	영
U+6E37	연
U+6E38	유
U+6E3A	묘
U+6E3C	미
U+6E3D	재
U+6E3E	혼
U+6E40	규
U+6E43	배
U+6E44	미
U+6E45	련
U+6E4A	주
U+6E4D	단
U+6E4E	면
U+6E51	서
U+6E53	분
U+6E54	전
U+6E55	건
U+6E56	호
U+6E58	상
U+6E5B	담
U+6E5C	식
U+6E5E	정
U+6E5F	황
U+6E63	민
U+6E67	용
U+6E6B	추
U+6E6E	인
U+6E6F	탕
U+6E72	원
U+6E73	남
U+6E75	유
U+6E7A	보
U+6E8F	당
U+6E90	원
U+6E92	원
U+6E95	몽
U+6E96	준
U+6E98	합
U+6E9C	류
U+6E9D	구
U+6E9F	명
U+6EA2	일
U+6EA5	보
U+6EA7	률
U+6EA8	재
U+6EAA	계
U+6EAB	온
U+6EAF	소
U+6EB1	진
U+6EB2	수
U+6EB5	은
U+6EB6	용
U+6EB7	혼
U+6EBA	닉
U+6EBD	욕
U+6EC2	방
U+6EC3	옹
U+6EC4	창
U+6EC5	멸
U+6EC7	진
U+6EC8	호
U+6EC9	황
U+6ECB	자
U+6ECC	척
U+6ECE	형
U+6ED1	골
U+6ED3	재
U+6ED4	도
U+6ED5	등
U+6ED9	회
U+6EEC	호
U+6EED	필
U+6EEF	체
U+6EF2	삼
U+6EF4	적
U+6EF5	밀
U+6EF7	로
U+6EF8	호
U+6EFC	범
U+6EFE	곤
U+6EFF	만
U+6F01	어
U+6F02	표
U+6F04	애
U+6F06	칠
U+6F09	록
U+6F0A	루
U+6F0C	근
U+6F0F	루
U+6F11	개
U+6F13	리
U+6F14	연
U+6F15	조
U+6F19	단
U+6F1A	구
U+6F20	막
U+6F22	한
U+6F23	련
U+6F24	람
U+6F26	시
U+6F27	건
U+6F28	봉
U+6F2A	의
U+6F2B	만
U+6F2C	지
U+6F2D	망
U+6F2F	루
U+6F30	붕
U+6F31	수
U+6F32	창
U+6F33	장
U+6F38	점
U+6F3C	최
U+6F3E	양
U+6F3F	장
U+6F41	영
U+6F4F	율
U+6F51	발
U+6F52	상
U+6F53	혜
U+6F54	결
U+6F57	집
U+6F58	반
U+6F59	규
U+6F5A	숙
U+6F5B	잠
U+6F5C	잠
U+6F5D	흡
U+6F5E	로
U+6F5F	석
U+6F61	돈
U+6F62	황
U+6F63	민
U+6F64	윤
U+6F66	로
U+6F6A	지
U+6F6D	담
U+6F6E	조
U+6F6F	심
U+6F70	궤
U+6F71	열
U+6F74	저
U+6F78	산
U+6F7A	잔
U+6F7C	동
U+6F7D	보
U+6F7E	린
U+6F81	삽
U+6F82	징
U+6F84	징
U+6F86	요
U+6F87	로
U+6F88	철
U+6F89	감
U+6F8B	횡
U+6F8C	시
U+6F8D	주
U+6F8E	팽
U+6F90	운
U+6F92	홍
U+6F94	호
U+6F95	화
U+6F96	한
U+6F97	간
U+6F98	산
U+6F9F	름
U+6FA1	조
U+6FA3	한
U+6FA4	택
U+6FA5	해
U+6FA7	례
U+6FA8	서
U+6FAA	령
U+6FAE	회
U+6FAF	찬
U+6FB1	전
U+6FB3	오
U+6FB6	전
U+6FB9	담
U+6FBE	달
U+6FC0	격
U+6FC1	탁
U+6FC2	렴
U+6FC3	농
U+6FC6	분
U+6FC7	색
U+6FC9	수
U+6FCA	예
U+6FD4	니
U+6FD5	습
U+6FD8	녕
U+6FDA	영
U+6FDB	몽
U+6FDE	비
U+6FDF	제
U+6FE0	호
U+6FE1	유
U+6FE4	도
U+6FE5	인
U+6FE6	은
U+6FE9	호
U+6FEB	람
U+6FEC	준
U+6FEE	복
U+6FEF	탁
U+6FF1	빈
U+6FF3	잠
U+6FF4	영
U+6FF6	활
U+6FFA	천
U+6FFE	려
U+7001	양
U+7005	형
U+7006	독
U+7007	왕
U+7009	사
U+700B	심
U+700F	류
U+7011	폭
U+7012	색
U+7013	징
U+7015	빈
U+7018	로
U+701A	한
U+701B	영
U+701C	융
U+701D	력
U+701E	정
U+701F	소
U+7022	유
U+7023	해
U+7026	저
U+7027	롱
U+7028	뢰
U+702F	영
U+7030	미
U+7032	렴
U+7037	익
U+7038	첨
U+703C	양
U+703E	란
U+7044	섭
U+7046	람
U+704C	관
U+704E	염
U+7050	형
U+7051	쇄
U+7053	란
U+7055	리
U+7058	탄
U+705D	호
U+705E	파
U+7063	만
U+7066	현
U+7069	염
U+706B	화
U+706F	정
U+7070	회
U+7078	구
U+707C	작
U+707D	재
U+707E	재
U+7081	기
U+7085	경
U+7086	문
U+708A	취
U+708E	담
U+7092	초
U+7095	항
U+7098	흔
U+7099	자
U+709A	광
U+709B	광
U+70A1	정
U+70A4	소
U+70A6	발
U+70AB	현
U+70AC	거
U+70AD	탄
U+70AE	포
U+70AF	형
U+70B0	포
U+70B3	병
U+70B7	주
U+70B8	작
U+70B9	점
U+70C8	렬
U+70CA	양
U+70CB	효
U+70CD	선
U+70CF	오
U+70D3	계
U+70D4	동
U+70D8	홍
U+70D9	락
U+70DC	훤
U+70DD	증
U+70DF	연
U+70EF	희
U+70F1	경
U+70F3	보
U+70F9	팽
U+70FA	랑
U+70FD	봉
U+7103	혁
U+7104	훈
U+7106	결
U+7107	소
U+7109	언
U+710C	준
U+7119	배
U+711A	분
U+711B	린
U+711C	혼
U+711E	돈
U+7120	쉬
U+7121	무
U+7126	초
U+712D	경
U+712E	흔
U+712F	작
U+7130	염
U+7131	혁
U+7136	연
U+7143	규
U+7146	하
U+7147	훈
U+7149	련
U+714A	훤
U+714C	황
U+714E	전
U+7150	영
U+7152	위
U+7153	단
U+7155	희
U+7156	난
U+7157	난
U+7159	연
U+715C	욱
U+715D	미
U+715E	살
U+7162	경
U+7164	매
U+7165	환
U+7166	후
U+7167	조
U+7168	외
U+7169	번
U+716C	양
U+716E	자
U+717D	선
U+7180	엽
U+7184	식
U+7185	온
U+7187	혹
U+7188	희
U+7189	운
U+718A	웅
U+718F	훈
U+7192	형
U+7194	용
U+7199	희
U+719B	표
U+719F	숙
U+71A0	습
U+71A1	루
U+71A2	봉
U+71A4	익
U+71A8	위
U+71A9	호
U+71AC	오
U+71AF	선
U+71B1	열
U+71B2	경
U+71B9	희
U+71BA	희
U+71BE	치
U+71C1	엽
U+71C3	연
U+71C8	등
U+71C9	돈
U+71CB	초
U+71CE	료
U+71CF	율
U+71D0	린
U+71D2	소
U+71D4	번
U+71D5	연
U+71D6	심
U+71D9	탕
U+71DB	경
U+71DF	영
U+71E0	오
U+71E5	조
U+71E6	찬
U+71E7	수
U+71EC	훼
U+71ED	촉
U+71EE	섭
U+71F8	유
U+71F9	희
U+71FB	훈
U+71FC	신
U+71FD	주
U+71FE	도
U+71FF	요
U+7200	혁
U+7201	람
U+7206	폭
U+7207	설
U+720B	훈
U+720C	광
U+720D	삭
U+7210	로
U+7214	희
U+7217	엽
U+721A	약
U+721B	란
U+721F	관
U+7225	촉
U+7228	찬
U+722A	조
U+722C	파
U+722D	쟁
U+7230	원
U+7232	위
U+7235	작
U+7236	부
U+7238	파
U+7239	다
U+723A	야
U+723B	효
U+723D	상
U+723E	이
U+7240	상
U+7242	장
U+7246	장
U+7247	편
U+7248	판
U+724B	전
U+724C	패
U+7252	첩
U+7253	방
U+7254	박
U+7256	유
U+7258	독
U+7259	아
U+725A	탱
U+725B	우
U+725D	빈
U+725F	모
U+7261	모
U+7262	뢰
U+7263	인
U+7267	목
U+7269	물
U+726F	고
U+7272	생
U+7274	저
U+7278	자
U+7279	특
U+727D	견
U+7280	서
U+7281	리
U+7282	리
U+7287	분
U+728D	건
U+7292	호
U+7296	락
U+72A2	독
U+72A7	희
U+72AC	견
U+72AF	범
U+72B3	작
U+72B4	안
U+72B5	힐
U+72C0	상
U+72C2	광
U+72C4	적
U+72C9	비
U+72CE	압
U+72D0	호
U+72D2	비
U+72D7	구
U+72D9	저
U+72E1	교
U+72E2	학
U+72E5	순
U+72E8	융
U+72E9	수
U+72F4	폐
U+72F7	견
U+72F8	리
U+72F9	협
U+72FA	은
U+72FB	산
U+72FC	랑
U+72FD	패
U+7309	기
U+730A	예
U+7313	과
U+7316	창
U+7317	아
U+7318	제
U+7319	쟁
U+731B	맹
U+731C	시
U+731D	졸
U+7322	호
U+7325	외
U+7327	와
U+7328	원
U+7329	성
U+732A	저
U+732B	묘
U+7331	노
U+7334	후
U+7336	유
U+7337	유
U+733E	활
U+733F	원
U+7343	애
U+7344	옥
U+7345	사
U+734E	장
U+7350	장
U+7352	오
U+7357	궐
U+7358	폐
U+735C	린
U+7360	료
U+7368	독
U+7369	예
U+736A	회
U+736B	험
U+736C	해
U+736F	훈
U+7370	녕
U+7372	획
U+7375	렵
U+7377	광
U+7378	수
U+737A	달
U+737B	헌
U+737C	미
U+7381	험
U+7384	현
U+7386	자
U+7387	률
U+7388	로
U+7389	옥
U+738B	왕
U+738E	정
U+7392	강
U+7394	천
U+7395	간
U+7396	구
U+7397	우
U+7398	기
U+739E	부
U+739F	민
U+73A0	개
U+73A6	결
U+73A7	문
U+73A9	완
U+73AA	감
U+73AB	매
U+73AD	빈
U+73B2	령
U+73B3	대
U+73B4	예
U+73B7	점
U+73B9	현
U+73BB	파
U+73BC	체
U+73BD	구
U+73BF	소
U+73C0	박
U+73C2	가
U+73C6	이
U+73C8	가
U+73C9	민
U+73CA	산
U+73CC	필
U+73CD	진
U+73CF	각
U+73D2	진
U+73D6	광
U+73D7	선
U+73D8	주
U+73D9	공
U+73DD	후
U+73DE	락
U+73E0	주
U+73E2	은
U+73E3	순
U+73E4	보
U+73E5	이
U+73E6	향
U+73E9	형
U+73EA	규
U+73EB	충
U+73ED	반
U+73EE	패
U+73F5	정
U+73F7	무
U+73F8	오
U+73F9	성
U+73FD	정
U+73FE	현
U+7401	선
U+7403	구
U+7404	현
U+7405	랑
U+7406	리
U+7407	수
U+7409	류
U+7413	완
U+7417	채
U+7418	민
U+741B	침
U+741D	민
U+741F	유
U+7420	전
U+7421	숙
U+7422	탁
U+7424	쟁
U+7425	호
U+7426	기
U+7428	곤
U+742A	기
U+742B	봉
U+742C	완
U+742E	종
U+742F	관
U+7430	염
U+7431	조
U+7432	배
U+7433	림
U+7434	금
U+7435	비
U+7436	파
U+7438	탁
U+743A	법
U+743F	혼
U+7440	우
U+7441	모
U+7442	미
U+7443	춘
U+7444	선
U+7445	제
U+7446	성
U+7448	유
U+7449	민
U+744B	위
U+744C	연
U+744D	환
U+744E	해
U+7455	하
U+7457	원
U+7459	노
U+745A	호
U+745B	영
U+745C	유
U+745D	황
U+745E	서
U+745F	슬
U+7460	류
U+7462	용
U+7463	쇄
U+7464	요
U+7465	온
U+7468	진
U+7469	영
U+746A	마
U+746D	당
U+746E	률
U+746F	랑
U+7470	괴
U+7471	전
U+7472	창
U+7473	차
U+747D	종
U+747E	근
U+7480	최
U+7482	기
U+7483	리
U+7484	경
U+7485	소
U+7486	구
U+7487	선
U+7489	련
U+748A	문
U+748B	장
U+748C	인
U+7490	로
U+7498	린
U+749C	황
U+749D	괴
U+749E	박
U+749F	경
U+74A1	진
U+74A3	기
U+74A5	경
U+74A7	벽
U+74A8	찬
U+74AA	조
U+74AB	당
U+74B0	환
U+74B1	슬
U+74B2	수
U+74B5	여
U+74B6	신
U+74B8	빈
U+74B9	숙
U+74BC	람
U+74BD	새
U+74BF	선
U+74C0	연
U+74C6	질
U+74CA	경
U+74CD	수
U+74CF	롱
U+74D0	로
U+74D3	란
U+74D4	영
U+74D8	관
U+74DA	찬
U+74DB	환
U+74DC	과
U+74E0	호
U+74E2	표
U+74E3	판
U+74E6	와
U+74E9	천
U+74EE	옹
U+74F2	톤
U+74F3	호
U+74F7	자
U+7501	병
U+7503	추
U+7504	견
U+750C	구
U+750D	맹
U+750E	전
U+7511	증
U+7513	벽
U+7515	옹
U+7518	감
U+751A	심
U+751B	첨
U+751C	첨
U+751E	상
U+751F	생
U+7522	산
U+7523	산
U+7524	유
U+7525	생
U+7526	소
U+7528	용
U+752B	보
U+752C	용
U+7530	전
U+7531	유
U+7532	갑
U+7533	신
U+7537	남
U+7538	전
U+753A	정
U+753B	획
U+753F	맹
U+7543	순
U+7547	균
U+754A	경
U+754B	전
U+754C	계
U+754E	견
U+754F	외
U+7551	전
U+7553	답
U+7554	반
U+7559	류
U+755A	분
U+755B	진
U+755C	축
U+755D	묘
U+7560	전
U+7562	필
U+7564	치
U+7565	략
U+7566	휴
U+7567	략
U+756A	번
U+756B	화
U+756F	준
U+7570	리
U+7575	화
U+7576	당
U+7578	기
U+757A	강
U+757F	기
U+7586	강
U+7587	주
U+7588	벽
U+758A	첩
U+758B	필
U+758E	소
U+758F	소
U+7591	의
U+7594	정
U+7599	흘
U+759A	구
U+759D	산
U+75A3	우
U+75A5	개
U+75A9	췌
U+75AB	역
U+75B1	포
U+75B2	피
U+75B3	감
U+75B4	아
U+75B5	자
U+75B8	달
U+75B9	진
U+75BC	동
U+75BD	저
U+75BE	질
U+75C0	구
U+75C2	가
U+75C3	현
U+75C5	병
U+75C7	증
U+75CA	전
U+75CD	이
U+75CE	해
U+75D2	양
U+75D3	치
U+75D4	치
U+75D5	흔
U+75D8	두
U+75D9	경
U+75DB	통
U+75DE	비
U+75E2	리
U+75E3	지
U+75E4	좌
U+75E7	사
U+75F0	담
U+75F2	마
U+75F3	림
U+75F4	치
U+75F9	비
U+75FA	비
U+75FC	고
U+75FF	위
U+7600	어
U+7601	췌
U+7607	종
U+7608	계
U+7609	유
U+760B	풍
U+760D	양
U+7610	유
U+7615	하
U+7619	소
U+761F	온
U+7620	척
U+7621	창
U+7622	반
U+7624	류
U+7626	수
U+7627	학
U+762F	족
U+7630	라
U+7631	예
U+7633	추
U+7634	장
U+763B	루
U+7642	료
U+7643	륭
U+7646	로
U+7647	간
U+7648	폐
U+7649	단
U+764C	암
U+764E	간
U+7652	유
U+7655	옹
U+7656	벽
U+7658	려
U+765C	전
U+7661	치
U+7662	양
U+7664	절
U+7665	징
U+7667	력
U+7668	곽
U+7669	라
U+766C	선
U+766D	영
U+766E	은
U+766F	구
U+7670	옹
U+7671	탄
U+7672	전
U+7678	계
U+767B	등
U+767C	발
U+767D	백
U+767E	백
U+7680	급
U+7681	조
U+7683	모
U+7684	적
U+7686	개
U+7687	황
U+768B	고
U+768E	교
U+7690	고
U+7692	아
U+7693	호
U+7696	환
U+7697	주
U+769A	애
U+769B	효
U+769C	호
U+769E	호
U+76A4	파
U+76AC	학
U+76AE	피
U+76B4	준
U+76B6	사
U+76B8	군
U+76BA	추
U+76BF	명
U+76C2	우
U+76C3	배
U+76C6	분
U+76C8	영
U+76CA	익
U+76CC	완
U+76CD	합
U+76CE	앙
U+76D2	합
U+76D3	우
U+76D4	회
U+76D6	개
U+76D9	보
U+76DB	성
U+76DC	도
U+76DE	잔
U+76DF	맹
U+76E1	진
U+76E3	감
U+76E4	반
U+76E5	관
U+76E7	로
U+76EA	탕
U+76EC	고
U+76EE	목
U+76F1	우
U+76F2	맹
U+76F4	직
U+76F8	상
U+76F9	순
U+76FB	혜
U+76FC	반
U+76FE	순
U+76FF	민
U+7700	명
U+7701	생
U+7702	시
U+7704	면
U+7707	묘
U+7708	탐
U+7709	미
U+770A	모
U+770B	간
U+770C	현
U+770E	시
U+7710	정
U+771A	생
U+771B	매
U+771E	진
U+771F	진
U+7720	면
U+7725	자
U+7726	자
U+7728	잡
U+7729	현
U+7734	순
U+7737	권
U+7738	모
U+7739	진
U+773A	조
U+773B	양
U+773C	안
U+773E	중
U+7740	착
U+7743	준
U+7746	환
U+7747	제
U+774D	현
U+7752	섬
U+775A	애
U+775B	정
U+775F	수
U+7760	권
U+7761	수
U+7762	수
U+7763	독
U+7765	비
U+7766	목
U+7768	예
U+776B	첩
U+776C	채
U+7777	건
U+7779	도
U+777D	규
U+777E	고
U+777F	예
U+778B	진
U+778D	수
U+778E	할
U+7791	명
U+7796	예
U+7799	막
U+779E	만
U+77A0	당
U+77A2	몽
U+77A5	별
U+77AA	징
U+77AC	순
U+77AD	료
U+77AE	철
U+77B0	감
U+77B3	동
U+77B5	린
U+77B9	애
U+77BB	첨
U+77BC	검
U+77BD	고
U+77BF	구
U+77C7	몽
U+77C9	빈
U+77CD	확
U+77D7	촉
U+77D9	감
U+77DA	촉
U+77DB	모
U+77DC	긍
U+77DE	율
U+77E1	확
U+77E2	시
U+77E3	의
U+77E5	지
U+77E6	후
U+77E7	신
U+77E9	구
U+77ED	단
U+77EE	왜
U+77EF	교
U+77F0	증
U+77F3	석
U+77F8	간
U+77FA	탁
U+77FB	골
U+77FC	강
U+77FD	석
U+7802	사
U+7807	민
U+780C	체
U+780F	분
U+7811	아
U+7812	비
U+7822	라
U+7825	지
U+7826	채
U+7827	침
U+782C	립
U+782D	폄
U+7830	팽
U+7832	포
U+7834	파
U+7843	주
U+7844	광
U+7845	규
U+784F	연
U+785C	갱
U+785D	초
U+7860	랑
U+7867	용
U+7868	차
U+786A	아
U+786B	류
U+786C	경
U+786E	학
U+786F	연
U+787C	붕
U+7881	기
U+7884	림
U+7887	정
U+788C	록
U+788D	애
U+788E	쇄
U+788F	작
U+7891	비
U+7893	대
U+7897	완
U+789F	설
U+78A3	갈
U+78A4	영
U+78A7	벽
U+78A8	외
U+78A9	석
U+78AC	하
U+78AD	탕
U+78BA	확
U+78BB	확
U+78BC	마
U+78BE	년
U+78C1	자
U+78C5	방
U+78C8	외
U+78CA	뢰
U+78CB	차
U+78CE	계
U+78CF	렴
U+78D0	반
U+78D1	애
U+78D4	책
U+78D5	개
U+78DA	전
U+78E0	뇨
U+78E7	적
U+78E8	마
U+78EA	최
U+78EC	경
U+78EF	기
U+78F4	등
U+78F5	간
U+78F6	석
U+78F7	린
U+78FA	광
U+78FB	반
U+78FC	잡
U+78FD	교
U+7901	초
U+790C	뢰
U+790E	초
U+790F	급
U+7911	당
U+7912	의
U+7916	여
U+7919	애
U+7927	뢰
U+792A	려
U+792B	력
U+792C	반
U+792D	확
U+7931	롱
U+793A	시
U+793C	례
U+793E	사
U+7940	사
U+7941	기
U+7944	해
U+7945	요
U+7946	천
U+7947	기
U+7948	기
U+7949	지
U+794A	팽
U+7950	우
U+7953	불
U+7954	부
U+7955	비
U+7956	조
U+7957	지
U+7958	산
U+795A	조
U+795B	거
U+795C	호
U+795D	축
U+795E	신
U+795F	수
U+7960	사
U+7962	니
U+7965	상
U+7967	조
U+7968	표
U+796D	제
U+7979	도
U+797A	기
U+797C	관
U+797F	록
U+7980	품
U+7981	금
U+798A	계
U+798B	인
U+798D	화
U+798E	정
U+798F	복
U+7991	우
U+7994	시
U+799B	진
U+799D	직
U+79A0	사
U+79A6	어
U+79A7	희
U+79A8	기
U+79AA	선
U+79AB	담
U+79AE	례
U+79B0	니
U+79B1	도
U+79B3	양
U+79B4	약
U+79B9	우
U+79BA	옹
U+79BB	리
U+79BC	설
U+79BD	금
U+79BE	화
U+79BF	독
U+79C0	수
U+79C1	사
U+79C4	자
U+79C6	간
U+79C8	선
U+79C9	병
U+79CA	년
U+79CB	추
U+79D1	과
U+79D2	초
U+79D5	비
U+79D8	비
U+79DE	유
U+79DF	조
U+79E2	령
U+79E3	말
U+79E4	칭
U+79E6	진
U+79E7	앙
U+79E9	질
U+79EA	지
U+79EB	출
U+79EC	거
U+79F5	인
U+79F8	갈
U+79FB	이
U+7A00	희
U+7A01	고
U+7A02	랑
U+7A05	세
U+7A08	간
U+7A0A	제
U+7A0B	정
U+7A0C	도
U+7A0D	초
U+7A14	임
U+7A17	패
U+7A18	기
U+7A19	직
U+7A1A	치
U+7A1C	릉
U+7A1E	과
U+7A1F	품
U+7A20	조
U+7A22	욱
U+7A27	설
U+7A2E	종
U+7A30	서
U+7A31	칭
U+7A33	온
U+7A36	욱
U+7A37	직
U+7A39	진
U+7A3B	도
U+7A3C	가
U+7A3D	계
U+7A3F	고
U+7A40	곡
U+7A42	수
U+7A45	강
U+7A46	목
U+7A49	치
U+7A4C	소
U+7A4D	적
U+7A4E	영
U+7A57	수
U+7A60	농
U+7A61	색
U+7A62	예
U+7A66	빈
U+7A69	온
U+7A6B	확
U+7A70	양
U+7A74	혈
U+7A75	알
U+7A76	구
U+7A79	궁
U+7A7A	공
U+7A7D	정
U+7A7E	요
U+7A7F	천
U+7A80	둔
U+7A81	돌
U+7A82	로
U+7A83	절
U+7A84	착
U+7A85	요
U+7A86	폄
U+7A88	요
U+7A8A	와
U+7A92	질
U+7A93	창
U+7A95	조
U+7A96	교
U+7A97	창
U+7A98	군
U+7A99	효
U+7A9B	구
U+7A9F	굴
U+7AA0	과
U+7AA3	솔
U+7AA9	와
U+7AAA	와
U+7AAC	유
U+7AAE	궁
U+7AAF	요
U+7AB3	유
U+7AB6	구
U+7AB9	오
U+7ABA	규
U+7ABB	창
U+7ABE	관
U+7ABF	륭
U+7AC4	찬
U+7AC5	규
U+7AC7	두
U+7AC8	조
U+7ACA	절
U+7ACB	립
U+7AD7	묘
U+7AD9	참
U+7ADC	룡
U+7ADD	병
U+7ADF	경
U+7AE0	장
U+7AE2	사
U+7AE3	준
U+7AE5	동
U+7AE6	송
U+7AEA	수
U+7AED	갈
U+7AEF	단
U+7AF4	준
U+7AF6	경
U+7AF8	경
U+7AF9	죽
U+7AFA	축
U+7AFD	우
U+7AFF	간
U+7B06	파
U+7B08	급
U+7B0A	조
U+7B0C	아
U+7B0E	원
U+7B0F	홀
U+7B11	소
U+7B12	금
U+7B18	점
U+7B19	생
U+7B1B	적
U+7B1E	태
U+7B20	립
U+7B25	사
U+7B26	부
U+7B27	책
U+7B28	분
U+7B2C	제
U+7B2D	령
U+7B2F	노
U+7B33	가
U+7B35	범
U+7B39	세
U+7B45	선
U+7B46	필
U+7B48	괄
U+7B49	등
U+7B4B	근
U+7B4C	전
U+7B4D	순
U+7B4F	벌
U+7B50	광
U+7B51	축
U+7B52	통
U+7B53	계
U+7B54	답
U+7B56	책
U+7B5F	부
U+7B60	균
U+7B65	거
U+7B66	관
U+7B67	견
U+7B69	통
U+7B6C	성
U+7B6E	서
U+7B71	소
U+7B73	정
U+7B75	연
U+7B7D	오
U+7B87	개
U+7B8B	전
U+7B8D	고
U+7B8E	호
U+7B8F	쟁
U+7B92	추
U+7B94	박
U+7B95	기
U+7B97	산
U+7B99	복
U+7B9A	차
U+7B9C	공
U+7B9D	겸
U+7BA0	추
U+7BA1	관
U+7BAD	전
U+7BB1	상
U+7BB4	잠
U+7BB8	저
U+7BBE	소
U+7BC0	절
U+7BC1	황
U+7BC4	범
U+7BC6	전
U+7BC7	편
U+7BC9	축
U+7BCA	홍
U+7BCB	협
U+7BCC	후
U+7BD2	식
U+7BD4	운
U+7BD9	고
U+7BDB	약
U+7BDD	구
U+7BE0	소
U+7BE1	찬
U+7BE4	독
U+7BE6	비
U+7BE9	사
U+7BEA	지
U+7BF3	필
U+7BF7	봉
U+7BFE	멸
U+7C00	책
U+7C05	산
U+7C07	족
U+7C09	추
U+7C0B	궤
U+7C0F	록
U+7C12	찬
U+7C1E	단
U+7C1F	점
U+7C20	보
U+7C21	간
U+7C27	황
U+7C2A	잠
U+7C2B	소
U+7C37	첨
U+7C38	파
U+7C3D	첨
U+7C3E	렴
U+7C3F	부
U+7C43	람
U+7C4C	주
U+7C4D	적
U+7C50	등
U+7C52	주
U+7C54	수
U+7C5B	전
U+7C5C	탁
U+7C5F	뢰
U+7C60	롱
U+7C64	첨
U+7C65	약
U+7C67	거
U+7C69	변
U+7C6C	리
U+7C72	유
U+7C73	미
U+7C7E	인
U+7C81	천
U+7C83	비
U+7C89	분
U+7C8D	모
U+7C92	립
U+7C95	박
U+7C97	조
U+7C98	점
U+7C9F	속
U+7CA2	자
U+7CA4	월
U+7CA5	죽
U+7CA6	린
U+7CA7	장
U+7CA8	백
U+7CAE	량
U+7CB1	량
U+7CB2	찬
U+7CB3	갱
U+7CB9	수
U+7CBC	린
U+7CBD	종
U+7CBE	정
U+7CC5	유
U+7CC6	면
U+7CCA	호
U+7CD5	고
U+7CD6	당
U+7CD7	구
U+7CD9	조
U+7CDA	장
U+7CDC	미
U+7CDD	삼
U+7CDE	분
U+7CDF	조
U+7CE0	강
U+7CE2	모
U+7CE5	나
U+7CE7	량
U+7CEF	나
U+7CF1	얼
U+7CF2	려
U+7CF4	적
U+7CF5	얼
U+7CF6	조
U+7CF8	멱
U+7CFA	규
U+7CFB	계
U+7CFE	규
U+7D00	기
U+7D02	주
U+7D03	순
U+7D04	약
U+7D05	홍
U+7D06	우
U+7D07	흘
U+7D08	환
U+7D0A	문
U+7D0B	문
U+7D0D	납
U+7D10	뉴
U+7D13	서
U+7D14	순
U+7D15	비
U+7D17	사
U+7D18	굉
U+7D19	지
U+7D1A	급
U+7D1B	분
U+7D1C	운
U+7D20	소
U+7D21	방
U+7D22	삭
U+7D2B	자
U+7D2C	주
U+7D2E	찰
U+7D2F	루
U+7D30	세
U+7D31	불
U+7D32	설
U+7D33	신
U+7D35	저
U+7D38	주
U+7D39	소
U+7D3A	감
U+7D41	시
U+7D42	종
U+7D43	현
U+7D44	조
U+7D45	경
U+7D46	반
U+7D49	술
U+7D4D	임
U+7D50	결
U+7D51	주
U+7D55	절
U+7D56	광
U+7D59	환
U+7D5B	조
U+7D5C	혈
U+7D5E	교
U+7D61	락
U+7D62	현
U+7D63	병
U+7D66	급
U+7D68	융
U+7D69	조
U+7D6A	인
U+7D6E	서
U+7D6F	해
U+7D70	질
U+7D71	통
U+7D72	사
U+7D73	강
U+7D75	회
U+7D76	절
U+7D79	견
U+7D7A	치
U+7D7F	구
U+7D83	초
U+7D86	경
U+7D89	수
U+7D8E	정
U+7D8F	수
U+7D93	경
U+7D98	봉
U+7D9C	종
U+7DA0	록
U+7DA2	주
U+7DA3	권
U+7DA5	기
U+7DA6	기
U+7DA7	준
U+7DA9	원
U+7DAB	선
U+7DAC	수
U+7DAD	유
U+7DAE	계
U+7DB0	관
U+7DB1	강
U+7DB2	망
U+7DB4	철
U+7DB5	채
U+7DB8	륜
U+7DBA	기
U+7DBB	탄
U+7DBD	작
U+7DBE	릉
U+7DBF	면
U+7DC2	담
U+7DC4	곤
U+7DC7	치
U+7DCA	긴
U+7DCB	비
U+7DCC	유
U+7DCD	민
U+7DCF	총
U+7DD6	서
U+7DD7	상
U+7DD8	함
U+7DDA	선
U+7DDC	면
U+7DDD	집
U+7DDE	단
U+7DE0	체
U+7DE1	민
U+7DE3	연
U+7DE6	시
U+7DE8	편
U+7DE9	완
U+7DEC	면
U+7DEF	위
U+7DF4	련
U+7DF6	편
U+7DF9	제
U+7DFB	치
U+7E03	서
U+7E08	영
U+7E09	진
U+7E0A	액
U+7E0B	추
U+7E10	추
U+7E11	겸
U+7E15	온
U+7E17	최
U+7E18	계
U+7E1B	박
U+7E1D	진
U+7E1E	호
U+7E1F	욕
U+7E20	곡
U+7E21	재
U+7E22	등
U+7E23	현
U+7E2B	봉
U+7E2E	축
U+7E2F	연
U+7E31	종
U+7E32	류
U+7E33	견
U+7E35	만
U+7E37	루
U+7E39	표
U+7E3B	미
U+7E3D	총
U+7E3E	적
U+7E41	번
U+7E43	붕
U+7E44	예
U+7E45	소
U+7E46	무
U+7E47	요
U+7E48	강
U+7E50	세
U+7E52	증
U+7E54	직
U+7E55	선
U+7E56	산
U+7E57	린
U+7E59	번
U+7E5A	료
U+7E5E	요
U+7E61	수
U+7E62	궤
U+7E69	승
U+7E6A	회
U+7E6B	계
U+7E6D	견
U+7E6F	현
U+7E70	조
U+7E76	억
U+7E79	역
U+7E7C	계
U+7E7D	빈
U+7E7E	견
U+7E81	훈
U+7E82	찬
U+7E87	뢰
U+7E88	힐
U+7E8A	광
U+7E8C	속
U+7E8D	류
U+7E8F	전
U+7E93	영
U+7E94	재
U+7E96	섬
U+7E98	찬
U+7E99	라
U+7E9B	독
U+7E9C	람
U+7F36	부
U+7F37	사
U+7F38	항
U+7F3A	결
U+7F3E	병
U+7F3F	항
U+7F43	앵
U+7F44	경
U+7F45	하
U+7F47	준
U+7F4B	옹
U+7F4C	앵
U+7F4D	뢰
U+7F4E	담
U+7F50	관
U+7F54	망
U+7F55	한
U+7F58	부
U+7F5D	저
U+7F5F	고
U+7F60	민
U+7F61	강
U+7F63	괘
U+7F66	부
U+7F68	엄
U+7F6A	죄
U+7F6B	괘
U+7F6E	치
U+7F70	벌
U+7F72	서
U+7F75	매
U+7F77	파
U+7F78	벌
U+7F79	리
U+7F7C	필
U+7F7D	계
U+7F7E	증
U+7F82	견
U+7F85	라
U+7F86	비
U+7F87	기
U+7F88	기
U+7F8A	양
U+7F8C	강
U+7F8E	미
U+7F94	고
U+7F96	고
U+7F97	강
U+7F98	장
U+7F9A	령
U+7F9D	저
U+7F9E	수
U+7FA1	이
U+7FA4	군
U+7FA8	선
U+7FA9	의
U+7FAB	강
U+7FAF	갈
U+7FB2	희
U+7FB6	전
U+7FB8	리
U+7FB9	갱
U+7FBD	우
U+7FBF	예
U+7FC1	옹
U+7FC5	시
U+7FCA	익
U+7FCC	익
U+7FCE	령
U+7FD2	습
U+7FD4	상
U+7FD5	흡
U+7FD6	흡
U+7FDB	소
U+7FDF	적
U+7FE0	취
U+7FE1	비
U+7FE3	삽
U+7FE4	시
U+7FE6	전
U+7FE9	편
U+7FEB	완
U+7FEC	휘
U+7FEE	핵
U+7FF0	한
U+7FF3	예
U+7FF9	교
U+7FFA	고
U+7FFB	번
U+7FFC	익
U+7FFE	현
U+8000	요
U+8001	로
U+8003	고
U+8004	모
U+8005	자
U+8006	기
U+8007	구
U+8008	구
U+8009	구
U+800C	이
U+8010	내
U+8011	단
U+8012	뢰
U+8014	자
U+8015	경
U+8016	초
U+8017	모
U+8018	운
U+8019	파
U+801E	가
U+8021	서
U+8026	우
U+8028	누
U+802C	루
U+802D	기
U+8030	우
U+8033	이
U+8036	야
U+803D	탐
U+803F	경
U+8043	담
U+8046	령
U+8048	유
U+804A	료
U+804F	이
U+8052	괄
U+8055	호
U+8056	성
U+8058	빙
U+805A	취
U+805E	문
U+8061	총
U+806F	련
U+8070	총
U+8071	오
U+8072	성
U+8073	용
U+8075	외
U+8076	섭
U+8077	직
U+807D	청
U+807E	롱
U+807F	율
U+8084	이
U+8085	숙
U+8086	사
U+8087	조
U+8089	육
U+808B	륵
U+808C	기
U+8093	황
U+8096	초
U+8098	주
U+809A	두
U+809B	항
U+809D	간
U+80A1	고
U+80A2	지
U+80A5	비
U+80A6	분
U+80A9	견
U+80AA	방
U+80AB	순
U+80AD	눌
U+80AF	긍
U+80B1	굉
U+80B2	육
U+80B4	효
U+80B5	기
U+80BA	폐
U+80C3	위
U+80C4	주
U+80C6	단
U+80CA	구
U+80CC	배
U+80CE	태
U+80D5	부
U+80D6	반
U+80D9	조
U+80DA	배
U+80DB	갑
U+80DC	성
U+80DE	포
U+80E0	거
U+80E1	호
U+80E4	윤
U+80E5	서
U+80EF	고
U+80F1	광
U+80F4	동
U+80F7	흉
U+80F8	흉
U+80FD	능
U+80FE	자
U+8102	지
U+8105	협
U+8106	취
U+8107	협
U+8108	맥
U+8109	맥
U+810A	척
U+8116	발
U+8117	민
U+8118	완
U+811A	각
U+811B	경
U+8123	순
U+8124	신
U+8127	최
U+8129	수
U+812B	탈
U+812F	포
U+8130	두
U+8139	창
U+813A	수
U+813E	비
U+8141	변
U+8146	전
U+814A	석
U+814B	액
U+814E	신
U+8150	부
U+8151	부
U+8152	거
U+8153	비
U+8154	강
U+8155	완
U+8160	주
U+8164	암
U+8165	성
U+8166	뇌
U+816B	종
U+816D	악
U+8170	요
U+8171	건
U+8174	유
U+8176	단
U+8177	픽
U+8178	장
U+8179	복
U+817A	선
U+817F	퇴
U+8180	방
U+8182	려
U+8183	올
U+8184	수
U+8186	소
U+8188	격
U+818A	박
U+818B	료
U+818F	고
U+819A	부
U+819C	막
U+819D	슬
U+819E	전
U+81A0	교
U+81A3	질
U+81A8	팽
U+81A9	니
U+81B0	번
U+81B3	선
U+81B4	무
U+81B5	췌
U+81B8	수
U+81B9	분
U+81BA	응
U+81BD	담
U+81BE	회
U+81BF	농
U+81C0	둔
U+81C2	비
U+81C6	억
U+81CA	조
U+81CD	제
U+81CF	빈
U+81D1	노
U+81D8	랍
U+81D9	연
U+81DA	려
U+81DD	라
U+81DF	장
U+81E0	련
U+81E3	신
U+81E5	와
U+81E7	장
U+81E8	림
U+81EA	자
U+81EC	얼
U+81ED	취
U+81F3	지
U+81F4	치
U+81F6	천
U+81FA	대
U+81FB	진
U+81FC	구
U+81FE	유
U+8201	여
U+8202	용
U+8203	석
U+8205	구
U+8207	여
U+8208	흥
U+820A	구
U+820C	설
U+820D	사
U+8210	지
U+8212	서
U+8216	포
U+8218	관
U+821B	천
U+821C	순
U+821E	무
U+821F	주
U+8221	강
U+822A	항
U+822B	방
U+822C	반
U+8233	축
U+8235	타
U+8236	박
U+8237	현
U+8238	가
U+8239	선
U+823D	방
U+8240	부
U+8245	여
U+8247	정
U+8251	편
U+8258	소
U+8259	창
U+825A	조
U+825F	동
U+8264	의
U+8266	함
U+8268	몽
U+826A	로
U+826B	로
U+826E	간
U+826F	량
U+8271	간
U+8272	색
U+8274	불
U+8276	염
U+8277	염
U+8278	초
U+827E	애
U+8283	봉
U+828A	천
U+828B	우
U+828D	작
U+828E	궁
U+8290	호
U+8292	망
U+8294	훼
U+8298	비
U+8299	부
U+829A	둔
U+829D	지
U+829F	삼
U+82A1	검
U+82A2	인
U+82A3	부
U+82A5	개
U+82A6	호
U+82A7	서
U+82A8	급
U+82A9	금
U+82AA	기
U+82AB	원
U+82AC	분
U+82AD	파
U+82AE	예
U+82AF	심
U+82B0	기
U+82B1	화
U+82B3	방
U+82B7	지
U+82B8	예
U+82B9	근
U+82BB	추
U+82BC	모
U+82BD	아
U+82BE	비
U+82BF	잉
U+82C5	예
U+82D1	원
U+82D2	염
U+82D3	령
U+82D4	태
U+82D5	초
U+82D7	묘
U+82DB	가
U+82DC	목
U+82DE	포
U+82DF	구
U+82E0	민
U+82E1	이
U+82E3	거
U+82E5	야
U+82E6	고
U+82E7	저
U+82E9	백
U+82EB	점
U+82F1	영
U+82F3	동
U+82F4	저
U+82F9	평
U+82FA	매
U+82FB	부
U+82FD	고
U+82FE	필
U+82FF	미
U+8300	불
U+8301	줄
U+8302	무
U+8303	범
U+8304	가
U+8305	모
U+8308	자
U+8309	말
U+8317	명
U+831B	간
U+831C	천
U+831D	채
U+8323	오
U+8324	다
U+8325	규
U+8328	자
U+832A	광
U+832B	망
U+832F	복
U+8331	수
U+8332	자
U+8333	강
U+8334	회
U+8335	인
U+8336	다
U+8338	용
U+8339	여
U+833C	동
U+8340	순
U+8343	전
U+8347	행
U+8349	초
U+834A	형
U+834F	임
U+8350	천
U+8351	이
U+8352	황
U+8363	영
U+8373	두
U+8374	부
U+8377	하
U+837A	윤
U+837B	적
U+8382	별
U+8385	리
U+8389	리
U+838A	장
U+838E	사
U+8392	거
U+8393	매
U+8396	경
U+8398	신
U+839A	연
U+839B	정
U+839D	좌
U+839E	완
U+839F	함
U+83A0	유
U+83A2	협
U+83A8	랑
U+83A9	부
U+83AA	아
U+83AB	막
U+83BD	망
U+83BE	망
U+83BF	자
U+83C0	울
U+83C1	청
U+83C2	적
U+83C5	관
U+83C9	록
U+83CA	국
U+83CC	균
U+83D1	치
U+83D3	과
U+83D4	복
U+83D6	창
U+83D8	숭
U+83DC	채
U+83DF	도
U+83E0	파
U+83E1	함
U+83E9	보
U+83EB	근
U+83EF	화
U+83F0	고
U+83F1	릉
U+83F2	비
U+83F4	암
U+83F6	봉
U+83F9	저
U+83FB	름
U+83FD	숙
U+8403	췌
U+8404	도
U+8406	비
U+8407	장
U+840A	래
U+840B	처
U+840C	맹
U+840D	평
U+840E	위
U+8429	추
U+842C	만
U+8431	훤
U+8435	와
U+8438	유
U+8439	편
U+843C	악
U+843D	락
U+8446	보
U+8449	섭
U+844A	암
U+8451	풍
U+8457	저
U+845A	심
U+845B	갈
U+8461	포
U+8463	동
U+8466	위
U+8469	파
U+846A	계
U+846B	호
U+846C	장
U+846D	가
U+846F	약
U+8470	준
U+8471	총
U+8473	위
U+8475	규
U+8477	훈
U+847A	즙
U+8482	체
U+8490	수
U+8491	은
U+8494	시
U+8499	몽
U+849C	산
U+849F	구
U+84A1	방
U+84A8	천
U+84AD	추
U+84AF	괴
U+84B2	포
U+84B4	삭
U+84B8	증
U+84B9	겸
U+84BA	질
U+84BB	약
U+84BC	창
U+84BD	은
U+84BF	호
U+84C0	손
U+84C1	진
U+84C2	명
U+84C4	축
U+84C6	석
U+84C9	용
U+84CA	옹
U+84CB	개
U+84CD	시
U+84CF	라
U+84D0	욕
U+84D1	사
U+84D3	배
U+84D6	비
U+84DA	수
U+84EC	봉
U+84ED	암
U+84EE	련
U+84EF	총
U+84F1	평
U+84F4	순
U+84FA	예
U+84FC	료
U+84FD	필
U+8500	부
U+8506	릉
U+850E	설
U+8511	멸
U+8513	만
U+8514	복
U+8515	체
U+8517	자
U+8518	삼
U+851A	울
U+851E	루
U+851F	주
U+8521	채
U+8523	장
U+8525	총
U+8526	조
U+852A	점
U+852C	소
U+852D	음
U+852F	진
U+8530	호
U+853D	폐
U+853F	위
U+8541	담
U+8543	번
U+8546	천
U+8549	초
U+854A	예
U+854B	예
U+854E	교
U+8553	운
U+8555	유
U+8556	거
U+8557	로
U+8558	요
U+8559	혜
U+855E	체
U+8561	분
U+8563	순
U+8564	유
U+8568	궐
U+8569	탕
U+856A	무
U+856B	동
U+856D	소
U+8578	하
U+857A	즙
U+857E	뢰
U+8580	온
U+8584	박
U+8586	애
U+8587	미
U+8589	예
U+858A	계
U+858C	향
U+858F	의
U+8591	강
U+8594	장
U+8597	원
U+8599	치
U+859B	설
U+859D	담
U+85A4	해
U+85A5	촉
U+85A6	천
U+85A8	훙
U+85A9	살
U+85AA	신
U+85AB	훈
U+85AF	서
U+85B0	훈
U+85BA	제
U+85BE	이
U+85C1	고
U+85C7	서
U+85C9	자
U+85CD	람
U+85CE	신
U+85CF	장
U+85D0	묘
U+85D5	우
U+85DC	려
U+85DD	예
U+85E4	등
U+85E5	약
U+85E9	번
U+85EA	수
U+85F7	저
U+85F9	애
U+85FA	린
U+85FB	조
U+85FD	친
U+85FF	곽
U+8600	탁
U+8602	예
U+8604	기
U+8606	로
U+8607	소
U+860A	온
U+860B	빈
U+8616	얼
U+8617	벽
U+8618	양
U+861A	선
U+861F	은
U+8622	롱
U+8627	거
U+8629	번
U+862A	미
U+862D	란
U+862F	탕
U+863C	미
U+863F	라
U+8641	기
U+864D	호
U+864E	호
U+8650	학
U+8653	효
U+8654	건
U+8655	처
U+865B	허
U+865C	로
U+865E	우
U+865F	호
U+8667	휴
U+866B	충
U+866C	규
U+866F	규
U+8671	슬
U+8678	자
U+8679	홍
U+867A	훼
U+867B	맹
U+868A	문
U+868B	예
U+868C	방
U+868D	비
U+8693	인
U+8695	천
U+86A3	공
U+86A4	조
U+86A8	부
U+86A9	치
U+86AA	두
U+86AF	구
U+86B0	유
U+86B1	책
U+86B4	유
U+86C0	주
U+86C5	점
U+86C6	저
U+86C7	사
U+86C9	령
U+86CB	단
U+86D4	회
U+86D9	와
U+86DB	주
U+86DE	활
U+86DF	교
U+86E3	길
U+86E4	합
U+86E9	공
U+86EC	공
U+86ED	질
U+86F8	소
U+86F9	용
U+86FB	세
U+86FE	아
U+8700	촉
U+8702	봉
U+8703	신
U+8706	현
U+8708	오
U+8709	부
U+870A	리
U+870B	랑
U+8711	단
U+8718	지
U+871A	비
U+871C	밀
U+871D	기
U+8721	사
U+8725	석
U+8728	접
U+8729	조
U+8734	척
U+8735	연
U+8737	권
U+873A	예
U+873B	청
U+873F	원
U+8740	동
U+874C	과
U+874E	갈
U+8755	식
U+8757	황
U+8759	편
U+875F	위
U+8760	복
U+8764	유
U+8765	모
U+8766	하
U+8768	슬
U+876E	복
U+8774	호
U+8776	접
U+8778	와
U+8782	랑
U+8783	방
U+878C	반
U+878D	융
U+8798	의
U+879E	마
U+879F	명
U+87A2	형
U+87A3	등
U+87AD	리
U+87B3	당
U+87B4	진
U+87BA	라
U+87BB	루
U+87BD	종
U+87C0	솔
U+87C4	칩
U+87C7	마
U+87CA	모
U+87CB	실
U+87D2	망
U+87DA	팽
U+87DB	팽
U+87E0	반
U+87E3	기
U+87EC	선
U+87EF	요
U+87F2	충
U+87F7	당
U+87F9	해
U+87FB	의
U+87FE	섬
U+8805	승
U+880D	갈
U+8811	영
U+8815	연
U+8819	빈
U+881F	랍
U+8821	려
U+8822	준
U+8823	려
U+8831	고
U+8832	견
U+8836	잠
U+8839	두
U+883B	만
U+8840	혈
U+8844	뉵
U+8846	중
U+884A	멸
U+884C	항
U+884D	연
U+884E	간
U+8852	현
U+8853	술
U+8857	가
U+8859	아
U+885B	위
U+885D	충
U+885E	위
U+8861	형
U+8862	구
U+8863	의
U+8868	표
U+886B	삼
U+886E	곤
U+8870	쇠
U+8872	납
U+8877	충
U+887D	임
U+887E	금
U+887F	금
U+8881	원
U+8882	몌
U+8888	가
U+888B	대
U+888D	포
U+8892	단
U+8896	수
U+8897	진
U+889B	저
U+889D	부
U+889E	곤
U+88A2	번
U+88AA	거
U+88AB	피
U+88B4	고
U+88C0	인
U+88C1	재
U+88C2	렬
U+88C5	장
U+88CA	뇨
U+88CD	곤
U+88CF	리
U+88D2	부
U+88D4	예
U+88D5	유
U+88D8	구
U+88D9	군
U+88DC	보
U+88DD	장
U+88DF	사
U+88E1	리
U+88E8	비
U+88EF	주
U+88F1	표
U+88F3	상
U+88F4	배
U+88F5	배
U+88F8	라
U+88F9	과
U+88FD	제
U+88FE	거
U+8904	처
U+8907	복
U+890A	편
U+890C	곤
U+8910	갈
U+8911	원
U+8912	포
U+8913	보
U+8915	유
U+8918	위
U+8919	배
U+891A	저
U+8925	욕
U+8927	경
U+892A	퇴
U+892B	치
U+892F	석
U+8930	건
U+8936	습
U+8938	루
U+893A	첩
U+893B	설
U+8941	강
U+8944	양
U+894D	잡
U+8952	별
U+8956	오
U+8958	괴
U+895C	첨
U+895E	벽
U+895F	금
U+8960	당
U+8964	람
U+896A	말
U+896D	힐
U+896F	친
U+8972	습
U+8974	란
U+897F	서
U+8981	요
U+8983	담
U+8986	복
U+8987	패
U+8988	핵
U+8989	기
U+898B	견
U+898F	규
U+8993	멱
U+8996	시
U+8997	사
U+8998	점
U+89A0	균
U+89A1	격
U+89A8	악
U+89A9	도
U+89AA	친
U+89AC	기
U+89AF	구
U+89B2	근
U+89B6	라
U+89B7	처
U+89BA	각
U+89BD	람
U+89BF	적
U+89C0	관
U+89D2	각
U+89D4	근
U+89D6	결
U+89D7	지
U+89DA	고
U+89DC	자
U+89DD	저
U+89E3	해
U+89E5	굉
U+89F0	다
U+89F1	필
U+89F3	곡
U+89F4	상
U+89F8	촉
U+8A00	언
U+8A02	정
U+8A03	부
U+8A07	굉
U+8A08	계
U+8A09	범
U+8A0A	신
U+8A0C	홍
U+8A0E	토
U+8A0F	우
U+8A10	알
U+8A11	이
U+8A13	훈
U+8A14	은
U+8A15	산
U+8A16	흘
U+8A17	탁
U+8A18	기
U+8A1B	와
U+8A1D	아
U+8A1F	송
U+8A22	은
U+8A23	결
U+8A25	눌
U+8A27	우
U+8A2A	방
U+8A2D	설
U+8A31	허
U+8A34	소
U+8A36	가
U+8A3A	진
U+8A3B	주
U+8A3C	정
U+8A3E	자
U+8A41	고
U+8A46	저
U+8A4B	주
U+8A50	사
U+8A51	이
U+8A54	조
U+8A55	평
U+8A56	피
U+8A57	형
U+8A58	굴
U+8A5B	저
U+8A5E	사
U+8A60	영
U+8A61	후
U+8A62	순
U+8A63	예
U+8A66	시
U+8A69	시
U+8A6B	타
U+8A6C	구
U+8A6D	궤
U+8A6E	전
U+8A70	힐
U+8A71	화
U+8A72	해
U+8A73	상
U+8A75	선
U+8A79	첨
U+8A7C	회
U+8A7F	괘
U+8A82	조
U+8A84	뢰
U+8A85	주
U+8A86	광
U+8A87	과
U+8A8C	지
U+8A8D	인
U+8A91	광
U+8A93	서
U+8A95	탄
U+8A98	유
U+8A9A	초
U+8A9E	어
U+8AA0	성
U+8AA1	계
U+8AA2	현
U+8AA3	무
U+8AA4	오
U+8AA5	고
U+8AA6	송
U+8AA7	포
U+8AA8	회
U+8AAA	설
U+8AAB	진
U+8AB0	수
U+8AB2	과
U+8AB9	비
U+8ABC	의
U+8ABE	은
U+8ABF	조
U+8AC2	첨
U+8AC4	순
U+8AC7	담
U+8AC9	위
U+8ACB	청
U+8ACD	쟁
U+8ACF	추
U+8AD2	량
U+8AD6	론
U+8ADB	유
U+8ADC	첩
U+8ADD	서
U+8ADE	편
U+8ADF	시
U+8AE0	훤
U+8AE1	시
U+8AE4	악
U+8AE6	체
U+8AE7	해
U+8AEA	정
U+8AEB	간
U+8AED	유
U+8AEE	자
U+8AF0	시
U+8AF1	휘
U+8AF2	인
U+8AF3	암
U+8AF4	함
U+8AF6	심
U+8AF7	풍
U+8AF8	제
U+8AFA	언
U+8AFC	훤
U+8AFE	락
U+8B00	모
U+8B01	알
U+8B02	위
U+8B04	등
U+8B07	건
U+8B0C	가
U+8B0E	미
U+8B10	밀
U+8B11	혜
U+8B14	학
U+8B16	속
U+8B17	방
U+8B19	겸
U+8B1A	익
U+8B1B	강
U+8B1C	원
U+8B1D	사
U+8B20	요
U+8B23	우
U+8B26	경
U+8B28	모
U+8B2B	적
U+8B2C	류
U+8B31	루
U+8B33	구
U+8B37	오
U+8B39	근
U+8B3C	효
U+8B3E	만
U+8B41	화
U+8B43	후
U+8B46	희
U+8B49	증
U+8B4C	와
U+8B4E	휼
U+8B4F	기
U+8B53	혜
U+8B54	선
U+8B56	참
U+8B58	식
U+8B59	초
U+8B5A	담
U+8B5C	보
U+8B5E	현
U+8B5F	조
U+8B66	경
U+8B6B	섬
U+8B6C	비
U+8B6F	역
U+8B70	의
U+8B71	선
U+8B74	견
U+8B77	호
U+8B7D	예
U+8B7F	혜
U+8B80	독
U+8B82	현
U+8B83	찬
U+8B89	유
U+8B8A	변
U+8B8C	연
U+8B8E	수
U+8B90	수
U+8B92	참
U+8B93	양
U+8B96	참
U+8B9A	찬
U+8B9C	당
U+8B9E	언
U+8C37	곡
U+8C3F	계
U+8C41	활
U+8C46	두
U+8C47	강
U+8C48	개
U+8C49	시
U+8C4A	풍
U+8C4C	완
U+8C4E	수
U+8C50	풍
U+8C55	시
U+8C56	축
U+8C5A	돈
U+8C61	상
U+8C62	환
U+8C68	희
U+8C6A	호
U+8C6B	서
U+8C6C	저
U+8C73	반
U+8C78	치
U+8C79	표
U+8C7A	시
U+8C82	초
U+8C83	맥
U+8C8A	맥
U+8C8C	모
U+8C8D	리
U+8C93	묘
U+8C94	비
U+8C98	맥
U+8C9D	배
U+8C9E	정
U+8C9F	원
U+8CA0	부
U+8CA1	재
U+8CA2	공
U+8CA4	이
U+8CA7	빈
U+8CA8	화
U+8CA9	판
U+8CAA	탐
U+8CAB	관
U+8CAC	채
U+8CAF	저
U+8CB0	세
U+8CB2	자
U+8CB3	이
U+8CB4	귀
U+8CB6	폄
U+8CB7	매
U+8CB8	대
U+8CB9	성
U+8CBA	황
U+8CBB	비
U+8CBC	첩
U+8CBD	이
U+8CBF	무
U+8CC0	하
U+8CC1	분
U+8CC2	뢰
U+8CC3	임
U+8CC4	회
U+8CC6	변
U+8CC7	자
U+8CC8	가
U+8CCA	적
U+8CD1	진
U+8CD3	빈
U+8CD9	주
U+8CDA	뢰
U+8CDB	찬
U+8CDC	사
U+8CDE	상
U+8CDF	전
U+8CE0	배
U+8CE1	갱
U+8CE2	현
U+8CE3	매
U+8CE4	천
U+8CE5	수
U+8CE6	부
U+8CEA	질
U+8CEC	장
U+8CED	도
U+8CF0	춘
U+8CF1	운
U+8CF3	재
U+8CF4	뢰
U+8CFB	부
U+8CFC	구
U+8CFD	새
U+8D04	지
U+8D05	췌
U+8D07	빈
U+8D08	증
U+8D0A	찬
U+8D0B	안
U+8D0D	섬
U+8D0F	영
U+8D10	신
U+8D13	장
U+8D14	비
U+8D16	속
U+8D1B	공
U+8D64	적
U+8D66	사
U+8D67	난
U+8D6B	혁
U+8D6D	자
U+8D6E	하
U+8D70	주
U+8D73	규
U+8D74	부
U+8D76	간
U+8D77	기
U+8D81	진
U+8D85	초
U+8D8A	월
U+8D8E	주
U+8D90	혈
U+8D99	조
U+8D9C	국
U+8DA0	초
U+8DA3	취
U+8DA8	추
U+8DAB	교
U+8DB2	찬
U+8DB3	족
U+8DBA	부
U+8DBE	지
U+8DC2	기
U+8DC6	태
U+8DCB	발
U+8DCC	질
U+8DCE	타
U+8DCF	가
U+8DD5	접
U+8DD6	척
U+8DD7	부
U+8DDB	파
U+8DDD	거
U+8DDF	근
U+8DE1	적
U+8DE3	선
U+8DE8	과
U+8DEA	궤
U+8DEB	공
U+8DEC	규
U+8DED	강
U+8DEF	로
U+8DF1	치
U+8DF3	도
U+8DFC	국
U+8E06	준
U+8E08	소
U+8E09	량
U+8E0A	용
U+8E0F	답
U+8E10	천
U+8E14	탁
U+8E1D	과
U+8E1E	거
U+8E1F	지
U+8E2A	종
U+8E30	유
U+8E34	용
U+8E35	종
U+8E36	제
U+8E3A	건
U+8E3D	우
U+8E40	접
U+8E42	유
U+8E44	제
U+8E47	건
U+8E48	도
U+8E49	차
U+8E4A	혜
U+8E4C	창
U+8E4F	제
U+8E55	필
U+8E59	축
U+8E5C	축
U+8E5F	적
U+8E60	척
U+8E63	만
U+8E64	종
U+8E72	준
U+8E74	축
U+8E76	궐
U+8E7B	교
U+8E81	조
U+8E85	촉
U+8E87	저
U+8E89	돈
U+8E8A	주
U+8E8B	제
U+8E8D	약
U+8E90	렵
U+8E91	척
U+8E93	지
U+8E94	전
U+8E99	린
U+8E9E	섭
U+8EA1	섭
U+8EA9	곽
U+8EAA	린
U+8EAB	신
U+8EAC	궁
U+8EB1	타
U+8EB3	궁
U+8EBE	미
U+8EC0	구
U+8EC6	체
U+8ECA	거
U+8ECB	알
U+8ECC	궤
U+8ECD	군
U+8ED2	헌
U+8EDE	모
U+8EDF	연
U+8EE8	령
U+8EEB	진
U+8EF8	축
U+8EF9	지
U+8EFA	초
U+8EFB	가
U+8EFC	일
U+8EFE	식
U+8F03	교
U+8F05	로
U+8F07	전
U+8F08	주
U+8F09	재
U+8F10	완
U+8F12	첩
U+8F13	만
U+8F14	보
U+8F15	경
U+8F1B	량
U+8F1C	치
U+8F1D	휘
U+8F1E	망
U+8F1F	철
U+8F26	련
U+8F27	병
U+8F28	관
U+8F29	배
U+8F2A	륜
U+8F2D	연
U+8F2F	집
U+8F30	양
U+8F33	주
U+8F38	수
U+8F39	복
U+8F3B	복
U+8F3E	전
U+8F3F	여
U+8F40	온
U+8F42	곡
U+8F43	진
U+8F44	할
U+8F45	원
U+8F46	록
U+8F49	전
U+8F4D	철
U+8F4E	교
U+8F52	분
U+8F54	린
U+8F57	감
U+8F58	환
U+8F5D	여
U+8F5E	함
U+8F5F	굉
U+8F61	비
U+8F62	력
U+8F63	력
U+8F64	로
U+8F9B	신
U+8F9C	고
U+8F9F	벽
U+8FA2	랄
U+8FA3	랄
U+8FA6	판
U+8FA8	변
U+8FAD	사
U+8FAE	변
U+8FAF	변
U+8FB0	신
U+8FB1	욕
U+8FB2	농
U+8FBB	십
U+8FBF	천
U+8FC0	간
U+8FC2	우
U+8FC3	오
U+8FC4	흘
U+8FC5	신
U+8FCD	둔
U+8FCE	영
U+8FD1	근
U+8FD3	아
U+8FD4	반
U+8FD5	오
U+8FE2	초
U+8FE4	이
U+8FE5	형
U+8FE6	가
U+8FE8	태
U+8FEA	적
U+8FEB	박
U+8FEC	왕
U+8FED	질
U+8FF0	술
U+8FF2	겁
U+8FF4	회
U+8FF7	미
U+8FF8	병
U+8FF9	적
U+8FFA	내
U+8FFC	결
U+8FFD	추
U+8FFF	준
U+9000	퇴
U+9001	송
U+9002	괄
U+9003	도
U+9005	후
U+9006	역
U+9008	형
U+900B	포
U+900C	유
U+900D	소
U+900E	주
U+900F	투
U+9010	축
U+9011	구
U+9014	도
U+9015	경
U+9016	적
U+9017	두
U+9019	저
U+901A	통
U+901D	서
U+901E	령
U+901F	속
U+9020	조
U+9021	준
U+9022	봉
U+9023	련
U+902E	체
U+9031	주
U+9032	진
U+9034	탁
U+9035	규
U+9036	위
U+9038	일
U+903C	핍
U+903E	유
U+9041	둔
U+9042	수
U+9047	우
U+9049	정
U+904A	유
U+904B	운
U+904D	편
U+904E	과
U+904F	알
U+9050	하
U+9051	황
U+9052	주
U+9053	도
U+9054	달
U+9055	위
U+9058	구
U+9059	요
U+905B	류
U+905C	손
U+905D	답
U+905E	체
U+9060	원
U+9061	소
U+9063	견
U+9068	오
U+9069	적
U+906C	속
U+906D	조
U+906E	차
U+906F	둔
U+9072	지
U+9075	준
U+9076	요
U+9077	천
U+9078	선
U+9079	휼
U+907A	유
U+907C	료
U+907D	거
U+907E	서
U+907F	피
U+9080	요
U+9081	매
U+9082	해
U+9083	수
U+9084	환
U+9085	전
U+9087	이
U+9088	막
U+908A	변
U+908C	려
U+908D	원
U+908F	라
U+9090	리
U+9091	읍
U+9095	옹
U+9097	한
U+9098	우
U+9099	망
U+90A0	빈
U+90A2	형
U+90A3	나
U+90A6	방
U+90A8	촌
U+90AA	사
U+90AF	감
U+90B0	태
U+90B1	구
U+90B3	비
U+90B5	소
U+90B8	저
U+90BD	규
U+90BE	주
U+90C1	욱
U+90C3	합
U+90C4	극
U+90C5	질
U+90CA	교
U+90CE	랑
U+90DC	고
U+90DD	학
U+90DE	랑
U+90E1	군
U+90E2	영
U+90E8	부
U+90EA	처
U+90EB	비
U+90ED	곽
U+90EF	담
U+90F3	예
U+90F4	침
U+90F5	우
U+90FD	도
U+9102	악
U+9112	추
U+9115	향
U+9116	운
U+9117	교
U+9119	비
U+911E	은
U+9122	언
U+9123	장
U+9127	등
U+912D	정
U+9130	린
U+9131	파
U+9132	다
U+9134	업
U+913D	전
U+9148	력
U+9149	유
U+914A	정
U+914B	추
U+914C	작
U+914D	배
U+914E	주
U+9152	주
U+9156	탐
U+9157	후
U+9162	초
U+9163	감
U+9164	고
U+9165	소
U+9169	명
U+916A	락
U+916C	수
U+9172	정
U+9174	도
U+9175	효
U+9176	매
U+9177	혹
U+9178	산
U+9179	뢰
U+9183	엄
U+9187	순
U+9189	취
U+918B	초
U+918D	제
U+9190	호
U+9192	성
U+919C	추
U+919E	온
U+91A2	해
U+91AA	료
U+91AB	의
U+91AC	장
U+91AE	초
U+91AF	혜
U+91B1	발
U+91B2	농
U+91B4	례
U+91B5	갹
U+91BC	연
U+91C0	양
U+91C1	흔
U+91C3	시
U+91C5	염
U+91C6	변
U+91C7	채
U+91C9	유
U+91CB	석
U+91CC	리
U+91CD	중
U+91CE	야
U+91CF	량
U+91D0	리
U+91D1	금
U+91D7	소
U+91D8	정
U+91DC	부
U+91DD	침
U+91E3	조
U+91E4	삼
U+91E5	초
U+91E6	구
U+91E7	천
U+91E9	범
U+91EA	우
U+91ED	공
U+91F5	채
U+91FF	근
U+9207	부
U+920D	둔
U+9210	검
U+9211	판
U+9212	삽
U+9214	초
U+9215	뉴
U+9217	윤
U+921C	횡
U+921E	균
U+921F	조
U+9226	태
U+9231	민
U+9234	령
U+9235	병
U+9237	고
U+9238	발
U+923A	옥
U+923F	전
U+9240	갑
U+9241	진
U+9244	철
U+9245	거
U+9249	현
U+924B	포
U+924D	필
U+924E	생
U+924F	서
U+9250	석
U+9251	박
U+9252	주
U+9257	겸
U+925B	연
U+925E	월
U+9262	발
U+9264	구
U+9265	술
U+9266	정
U+9277	홍
U+9278	교
U+927C	병
U+927E	모
U+9280	은
U+9283	총
U+9285	동
U+928B	임
U+9291	선
U+9293	전
U+9295	철
U+9296	수
U+9298	명
U+9299	과
U+929A	조
U+929B	섬
U+929C	함
U+92B3	예
U+92B4	세
U+92B6	구
U+92B7	소
U+92B9	수
U+92C6	윤
U+92CC	정
U+92CF	협
U+92D1	전
U+92D2	봉
U+92D5	지
U+92D7	현
U+92DF	침
U+92E4	서
U+92E5	정
U+92E7	현
U+92EA	포
U+92F2	병
U+92F8	거
U+92F9	창
U+92FA	완
U+92FC	강
U+92FD	조
U+92FE	도
U+9300	륜
U+9304	록
U+9306	창
U+930C	안
U+930F	아
U+9310	추
U+9315	곤
U+9318	추
U+9319	치
U+931A	쟁
U+931E	순
U+931F	담
U+9320	정
U+9321	기
U+9322	전
U+9323	철
U+9324	기
U+9326	금
U+9327	관
U+9328	묘
U+932A	전
U+932B	석
U+932C	동
U+932E	고
U+932F	착
U+9348	영
U+9349	시
U+934A	련
U+934B	과
U+934D	도
U+9351	복
U+9354	악
U+9357	제
U+935B	단
U+935C	하
U+935D	우
U+9364	삽
U+9365	결
U+936B	초
U+936C	초
U+936E	유
U+9370	환
U+9372	민
U+9375	건
U+937C	침
U+937E	종
U+938A	방
U+938C	겸
U+9394	용
U+9396	쇄
U+9397	쟁
U+939A	추
U+939B	박
U+939F	상
U+93A0	강
U+93A1	자
U+93A3	형
U+93A4	황
U+93A7	개
U+93AC	호
U+93AD	진
U+93B0	일
U+93BB	쇄
U+93C3	족
U+93C7	선
U+93C8	련
U+93CA	오
U+93CB	만
U+93CC	막
U+93D1	적
U+93D6	오
U+93D7	갱
U+93D8	장
U+93DC	당
U+93DD	만
U+93DE	용
U+93DF	산
U+93E1	경
U+93E2	표
U+93E4	루
U+93E6	총
U+93E8	참
U+93F4	로
U+93F6	집
U+93F8	혜
U+93F9	강
U+93FB	린
U+9403	뇨
U+9404	횡
U+940D	휼
U+940F	준
U+9410	료
U+9413	대
U+9414	심
U+9418	종
U+9419	등
U+9425	선
U+942A	로
U+942B	전
U+9435	철
U+9436	환
U+9438	탁
U+943A	당
U+9442	훈
U+9444	주
U+944A	확
U+944C	빈
U+9451	감
U+9452	감
U+9455	질
U+945B	광
U+945E	랍
U+9460	삭
U+9462	려
U+9463	표
U+946A	로
U+946B	흠
U+9470	약
U+9471	참
U+9472	양
U+9475	관
U+9477	섭
U+947C	라
U+947D	찬
U+947E	란
U+947F	착
U+9577	장
U+9580	문
U+9583	섬
U+9588	한
U+9589	폐
U+958A	산
U+958B	개
U+958E	굉
U+958F	윤
U+9591	한
U+9592	한
U+9593	간
U+9594	민
U+9598	갑
U+959C	하
U+959F	비
U+95A0	윤
U+95A3	각
U+95A4	합
U+95A5	벌
U+95A8	규
U+95A9	민
U+95AB	곤
U+95AC	랑
U+95AD	려
U+95B1	열
U+95B6	창
U+95B9	엄
U+95BB	염
U+95BC	알
U+95BD	혼
U+95BE	역
U+95C3	격
U+95C7	암
U+95C8	위
U+95CA	활
U+95CB	결
U+95CC	란
U+95CD	도
U+95D3	개
U+95D4	합
U+95D5	궐
U+95D6	틈
U+95DA	규
U+95DC	관
U+95DE	함
U+95E0	궤
U+95E1	천
U+95E2	벽
U+95E5	달
U+961C	부
U+9621	천
U+9624	치
U+9627	두
U+9628	액
U+9629	승
U+962A	판
U+962D	윤
U+962E	완
U+962F	지
U+9632	방
U+963B	조
U+963F	아
U+9640	타
U+9642	피
U+9644	부
U+964B	루
U+964C	맥
U+964D	강
U+9650	한
U+9654	해
U+9656	준
U+9658	형
U+965B	폐
U+965C	합
U+965D	섬
U+965E	승
U+965F	척
U+9661	두
U+9662	원
U+9663	진
U+9664	제
U+966A	배
U+966C	추
U+9670	음
U+9672	수
U+9673	진
U+9674	비
U+9675	릉
U+9676	도
U+9677	함
U+9678	륙
U+9679	승
U+967C	저
U+967D	양
U+9684	제
U+9685	우
U+9686	륭
U+968A	대
U+968B	수
U+968D	황
U+968E	계
U+9691	기
U+9694	격
U+9695	운
U+9697	외
U+9698	애
U+9699	극
U+969B	제
U+969C	장
U+96A3	린
U+96A4	퇴
U+96A7	수
U+96A8	수
U+96A9	오
U+96AA	험
U+96AE	제
U+96B0	습
U+96B1	은
U+96B3	휴
U+96B4	롱
U+96B6	이
U+96B7	례
U+96B8	례
U+96B9	추
U+96BB	척
U+96BC	준
U+96C0	작
U+96C1	안
U+96C4	웅
U+96C5	아
U+96C6	집
U+96C7	고
U+96C9	치
U+96CB	전
U+96CC	자
U+96CD	옹
U+96CE	저
U+96D5	조
U+96D6	수
U+96D7	한
U+96D9	쌍
U+96DA	관
U+96DB	추
U+96DC	잡
U+96DD	옹
U+96DE	계
U+96E2	리
U+96E3	난
U+96E8	우
U+96E9	우
U+96EA	설
U+96EF	문
U+96F0	분
U+96F2	운
U+96F6	령
U+96F7	뢰
U+96F9	박
U+96FA	몽
U+96FB	전
U+9700	수
U+9704	소
U+9705	삽
U+9706	정
U+9707	진
U+9708	패
U+9709	매
U+970C	주
U+970D	곽
U+970E	삽
U+970F	비
U+9711	점
U+9713	예
U+9714	주
U+9716	림
U+9719	영
U+971C	상
U+971E	하
U+9723	운
U+9726	빈
U+9727	무
U+972A	음
U+9730	산
U+9731	율
U+9732	로
U+9738	패
U+9739	벽
U+973D	제
U+9742	력
U+9744	애
U+9746	체
U+9748	령
U+9749	애
U+974C	보
U+9751	청
U+9752	청
U+9755	진
U+9756	정
U+9758	정
U+9759	정
U+975A	정
U+975B	전
U+975C	정
U+975D	천
U+975E	비
U+9760	고
U+9761	미
U+9762	면
U+9766	전
U+9768	엽
U+9769	혁
U+976D	인
U+9773	근
U+9774	화
U+9775	뉴
U+9777	인
U+977A	말
U+977C	달
U+9780	도
U+9781	피
U+9784	포
U+9785	앙
U+978B	혜
U+978D	안
U+978F	공
U+9798	초
U+97A0	국
U+97A3	유
U+97A6	추
U+97A8	갈
U+97AB	국
U+97AC	건
U+97AD	편
U+97B1	도
U+97B4	비
U+97B8	필
U+97B9	곽
U+97C1	강
U+97C3	달
U+97C6	천
U+97CB	위
U+97CC	인
U+97CD	불
U+97D0	갑
U+97D3	한
U+97D9	위
U+97DC	도
U+97DD	구
U+97DE	온
U+97E0	필
U+97E1	위
U+97ED	구
U+97EE	구
U+97F1	섬
U+97F2	제
U+97F3	음
U+97F5	운
U+97F6	소
U+97FA	영
U+97FB	운
U+97FE	음
U+97FF	향
U+9800	호
U+9801	혈
U+9802	정
U+9803	경
U+9805	항
U+9806	순
U+9808	수
U+980A	욱
U+980C	송
U+980D	규
U+980E	기
U+980F	항
U+9810	예
U+9811	완
U+9812	반
U+9813	돈
U+9816	반
U+9817	파
U+9818	령
U+981E	알
U+9821	힐
U+9823	신
U+9824	이
U+9826	해
U+982B	부
U+982D	두
U+982E	회
U+9830	협
U+9832	정
U+9837	암
U+9838	경
U+9839	퇴
U+983B	빈
U+983C	뢰
U+983F	자
U+9842	뢰
U+9846	과
U+9847	췌
U+9848	경
U+984B	시
U+984C	제
U+984D	액
U+984E	악
U+9852	옹
U+9853	전
U+9854	안
U+9855	현
U+9858	원
U+9859	상
U+985A	전
U+985C	강
U+985E	류
U+9865	호
U+9866	초
U+9867	고
U+986B	전
U+986F	현
U+9870	빈
U+9871	로
U+9873	섭
U+9874	관
U+98A8	풍
U+98AD	점
U+98AF	삽
U+98B1	태
U+98B2	렬
U+98B6	구
U+98BA	양
U+98BC	수
U+98BF	범
U+98C2	료
U+98C4	표
U+98C6	표
U+98C7	표
U+98C9	료
U+98CB	실
U+98DB	비
U+98DC	번
U+98DF	식
U+98E1	손
U+98E2	기
U+98E6	전
U+98E7	손
U+98EA	임
U+98EB	어
U+98ED	칙
U+98EE	음
U+98EF	반
U+98F1	손
U+98F4	이
U+98FB	철
U+98FC	사
U+98FD	포
U+98FE	식
U+9903	교
U+9909	향
U+990A	양
U+990C	이
U+9910	찬
U+9912	뇌
U+9913	아
U+9914	포
U+9915	준
U+9918	여
U+991A	효
U+991E	전
U+9920	병
U+9926	장
U+9927	위
U+9928	관
U+992A	난
U+992C	호
U+992E	철
U+9930	전
U+9931	후
U+9933	당
U+9939	당
U+993C	희
U+993D	궤
U+9942	온
U+9945	만
U+9948	수
U+9949	근
U+994B	궤
U+994C	찬
U+994D	선
U+9950	의
U+9951	기
U+9952	요
U+9954	옹
U+9955	도
U+9957	향
U+995C	염
U+995E	참
U+9996	수
U+9997	규
U+9998	괵
U+9999	향
U+999C	니
U+999D	필
U+999F	도
U+99A1	비
U+99A3	암
U+99A5	복
U+99A7	온
U+99A8	형
U+99AA	빈
U+99AC	마
U+99AD	어
U+99AE	풍
U+99B0	적
U+99B1	타
U+99B3	치
U+99B4	순
U+99B6	지
U+99B9	일
U+99C1	박
U+99C4	태
U+99C8	구
U+99C9	경
U+99CF	거
U+99D0	주
U+99D1	노
U+99D2	구
U+99D5	가
U+99D8	태
U+99D9	부
U+99DB	사
U+99DC	필
U+99DD	타
U+99DE	타
U+99DF	사
U+99E2	변
U+99E8	순
U+99EA	신
U+99ED	해
U+99EE	박
U+99F1	락
U+99F8	침
U+99FA	랑
U+99FB	한
U+99FD	현
U+99FF	준
U+9A01	빙
U+9A02	성
U+9A03	애
U+9A04	록
U+9A05	추
U+9A08	병
U+9A0B	래
U+9A0D	과
U+9A0E	기
U+9A0F	기
U+9A11	비
U+9A16	무
U+9A18	총
U+9A19	편
U+9A1B	비
U+9A24	규
U+9A2B	건
U+9A2D	즐
U+9A30	등
U+9A35	원
U+9A36	추
U+9A37	소
U+9A38	선
U+9A3E	라
U+9A40	맥
U+9A41	오
U+9A42	참
U+9A43	표
U+9A44	총
U+9A45	구
U+9A4A	화
U+9A4C	숙
U+9A4D	효
U+9A4E	린
U+9A4F	잔
U+9A52	탄
U+9A55	교
U+9A57	험
U+9A58	라
U+9A5A	경
U+9A5B	역
U+9A5F	취
U+9A62	려
U+9A64	양
U+9A65	기
U+9A69	환
U+9A6A	려
U+9AA8	골
U+9AAA	위
U+9AB0	투
U+9AB8	해
U+9AB9	교
U+9ABC	격
U+9ABF	변
U+9AC0	비
U+9AC6	박
U+9ACF	루
U+9AD1	촉
U+9AD3	수
U+9AD4	체
U+9AD6	관
U+9AD7	로
U+9AD8	고
U+9ADF	표
U+9AE1	곤
U+9AE3	방
U+9AE5	염
U+9AE6	모
U+9AEB	초
U+9AED	자
U+9AEE	발
U+9AF0	체
U+9AF2	피
U+9AF4	불
U+9AF9	휴
U+9AFA	괄
U+9AFB	계
U+9AFD	좌
U+9B02	빈
U+9B05	붕
U+9B06	송
U+9B0A	순
U+9B0B	전
U+9B0D	호
U+9B10	기
U+9B12	진
U+9B16	삼
U+9B18	만
U+9B19	승
U+9B1A	수
U+9B1F	환
U+9B22	빈
U+9B23	렵
U+9B27	료
U+9B28	홍
U+9B29	혁
U+9B2A	투
U+9B2E	구
U+9B2F	창
U+9B31	울
U+9B32	격
U+9B3A	상
U+9B3C	귀
U+9B41	괴
U+9B42	혼
U+9B43	발
U+9B44	백
U+9B45	매
U+9B48	소
U+9B4B	추
U+9B4D	망
U+9B4E	량
U+9B4F	위
U+9B51	리
U+9B54	마
U+9B58	염
U+9B5A	어
U+9B66	사
U+9B6F	로
U+9B74	방
U+9B80	타
U+9B83	평
U+9B8E	점
U+9B90	태
U+9B91	포
U+9B92	부
U+9B93	자
U+9B97	동
U+9B9F	안
U+9BA7	제
U+9BA8	지
U+9BAA	유
U+9BAB	교
U+9BAD	해
U+9BAE	선
U+9BB9	소
U+9BC1	경
U+9BC6	포
U+9BC9	리
U+9BCA	사
U+9BD4	치
U+9BD6	청
U+9BDB	조
U+9BE2	예
U+9BE4	곤
U+9BE8	경
U+9BF7	제
U+9C08	접
U+9C0A	련
U+9C0C	추
U+9C0D	추
U+9C10	악
U+9C12	복
U+9C13	새
U+9C15	하
U+9C24	사
U+9C25	환
U+9C2D	기
U+9C2E	온
U+9C2F	약
U+9C31	련
U+9C32	오
U+9C35	민
U+9C39	견
U+9C3A	소
U+9C3B	만
U+9C3E	표
U+9C47	강
U+9C49	별
U+9C4F	심
U+9C52	준
U+9C53	선
U+9C57	린
U+9C60	회
U+9C63	전
U+9C67	례
U+9C78	로
U+9C7B	선
U+9CE5	조
U+9CE6	을
U+9CE7	부
U+9CE9	구
U+9CF3	봉
U+9CF4	명
U+9CF6	연
U+9D03	격
U+9D06	짐
U+9D07	보
U+9D08	안
U+9D09	아
U+9D0C	봉
U+9D12	령
U+9D15	타
U+9D18	변
U+9D19	치
U+9D1B	원
U+9D1F	치
U+9D23	고
U+9D25	율
U+9D26	앙
U+9D28	압
U+9D2F	이
U+9D30	괄
U+9D36	알
U+9D3B	홍
U+9D41	교
U+9D42	휴
U+9D44	치
U+9D51	견
U+9D53	발
U+9D54	준
U+9D5D	아
U+9D5E	아
U+9D60	곡
U+9D61	무
U+9D66	록
U+9D69	복
U+9D6C	붕
U+9D6F	필
U+9D70	조
U+9D72	작
U+9D77	원
U+9D7B	추
U+9D7E	곤
U+9D84	청
U+9D89	순
U+9D8A	경
U+9D96	추
U+9D9A	악
U+9DA0	언
U+9DA1	갈
U+9DA4	곤
U+9DA9	목
U+9DAC	창
U+9DAF	앵
U+9DB4	학
U+9DB5	추
U+9DB8	약
U+9DB9	류
U+9DBB	골
U+9DBF	자
U+9DC1	익
U+9DC2	요
U+9DC4	계
U+9DC7	구
U+9DD3	자
U+9DD6	예
U+9DD7	구
U+9DD9	지
U+9DE6	초
U+9DE9	별
U+9DEA	앵
U+9DEB	숙
U+9DF0	연
U+9DF1	고
U+9DF2	취
U+9DF3	한
U+9DF8	휼
U+9DF9	응
U+9DFA	로
U+9DFD	학
U+9DFF	벽
U+9E07	전
U+9E0F	몽
U+9E15	로
U+9E1A	앵
U+9E1B	관
U+9E1C	구
U+9E1E	란
U+9E75	로
U+9E77	령
U+9E79	함
U+9E7A	차
U+9E7B	감
U+9E7D	염
U+9E7F	록
U+9E80	우
U+9E82	궤
U+9E84	추
U+9E8B	미
U+9E8C	우
U+9E8F	균
U+9E91	예
U+9E92	기
U+9E93	록
U+9E97	려
U+9E98	향
U+9E9D	사
U+9E9E	장
U+9E9F	린
U+9EA4	추
U+9EA5	맥
U+9EA9	부
U+9EAA	면
U+9EAF	국
U+9EB4	국
U+9EB5	면
U+9EBB	마
U+9EBD	마
U+9EBE	휘
U+9EBF	마
U+9EC3	황
U+9EC5	금
U+9ECC	횡
U+9ECD	서
U+9ECE	려
U+9ECF	점
U+9ED0	리
U+9ED1	흑
U+9ED4	검
U+9ED6	기
U+9ED8	묵
U+9EDA	겸
U+9EDB	대
U+9EDC	출
U+9EDD	유
U+9EDE	점
U+9EE0	힐
U+9EE5	경
U+9EE8	당
U+9EEE	담
U+9EEF	암
U+9EF2	참
U+9EF4	미
U+9EF5	담
U+9EF6	염
U+9EF7	독
U+9EFA	분
U+9EFB	불
U+9EFC	보
U+9EFD	민
U+9EFF	원
U+9F00	축
U+9F02	조
U+9F04	주
U+9F07	오
U+9F08	별
U+9F09	타
U+9F0A	벽
U+9F0E	정
U+9F10	내
U+9F13	고
U+9F14	고
U+9F17	도
U+9F19	비
U+9F20	서
U+9F22	분
U+9F2B	석
U+9F2C	유
U+9F2F	오
U+9F34	언
U+9F38	겸
U+9F39	언
U+9F3B	비
U+9F3E	한
U+9F4A	제
U+9F4B	재
U+9F4E	재
U+9F52	치
U+9F54	친
U+9F55	흘
U+9F57	은
U+9F5F	저
U+9F60	초
U+9F61	령
U+9F66	간
U+9F67	설
U+9F69	교
U+9F6A	착
U+9F6B	곤
U+9F6C	어
U+9F72	우
U+9F76	악
U+9F77	악
U+9F8D	룡
U+9F8E	롱
U+9F90	방
U+9F91	엄
U+9F92	룡
U+9F94	공
U+9F95	감
U+9F9C	구
U+9F9D	추
U+9FA0	약
U+9FA2	화
U+9FA5	유
U+F900	개
U+F901	갱
U+F902	거
U+F903	고
U+F904	골
U+F905	관
U+F906	귀
U+F907	귀
U+F908	균
U+F909	글
U+F90A	금
U+F90B	나
U+F90C	나
U+F90D	나
U+F90E	나
U+F90F	나
U+F910	나
U+F911	나
U+F912	나
U+F913	나
U+F914	낙
U+F915	낙
U+F916	낙
U+F917	낙
U+F918	낙
U+F919	낙
U+F91A	낙
U+F91B	난
U+F91C	난
U+F91D	난
U+F91E	난
U+F91F	난
U+F920	난
U+F921	남
U+F922	남
U+F923	남
U+F924	남
U+F925	납
U+F926	납
U+F927	납
U+F928	낭
U+F929	낭
U+F92A	낭
U+F92B	낭
U+F92C	낭
U+F92D	내
U+F92E	냉
U+F92F	노
U+F930	노
U+F931	노
U+F932	노
U+F933	노
U+F934	노
U+F935	노
U+F936	노
U+F937	노
U+F938	노
U+F939	노
U+F93A	노
U+F93B	녹
U+F93C	녹
U+F93D	녹
U+F93E	녹
U+F93F	녹
U+F940	녹
U+F941	논
U+F942	농
U+F943	농
U+F944	농
U+F945	농
U+F946	뇌
U+F947	뇌
U+F948	뇌
U+F949	뇌
U+F94A	누
U+F94B	누
U+F94C	누
U+F94D	누
U+F94E	누
U+F94F	누
U+F950	누
U+F951	누
U+F952	늑
U+F953	늑
U+F954	늠
U+F955	능
U+F956	능
U+F957	능
U+F958	능
U+F959	능
U+F95A	두
U+F95B	라
U+F95C	락
U+F95D	락
U+F95E	란
U+F95F	령
U+F960	로
U+F961	률
U+F962	리
U+F963	배
U+F964	번
U+F965	변
U+F966	부
U+F967	불
U+F968	비
U+F969	삭
U+F96A	삭
U+F96B	삼
U+F96C	색
U+F96D	생
U+F96E	섭
U+F96F	세
U+F970	쇄
U+F971	신
U+F972	심
U+F973	십
U+F974	야
U+F975	약
U+F976	약
U+F977	양
U+F978	양
U+F979	양
U+F97A	양
U+F97B	양
U+F97C	양
U+F97D	양
U+F97E	양
U+F97F	여
U+F980	여
U+F981	여
U+F982	여
U+F983	여
U+F984	여
U+F985	여
U+F986	여
U+F987	여
U+F988	여
U+F989	여
U+F98A	역
U+F98B	역
U+F98C	역
U+F98D	역
U+F98E	연
U+F98F	연
U+F990	연
U+F991	연
U+F992	연
U+F993	연
U+F994	연
U+F995	연
U+F996	연
U+F997	연
U+F998	연
U+F999	연
U+F99A	연
U+F99B	연
U+F99C	열
U+F99D	열
U+F99E	열
U+F99F	열
U+F9A0	열
U+F9A1	열
U+F9A2	염
U+F9A3	염
U+F9A4	염
U+F9A5	염
U+F9A6	염
U+F9A7	엽
U+F9A8	영
U+F9A9	영
U+F9AA	영
U+F9AB	영
U+F9AC	영
U+F9AD	영
U+F9AE	영
U+F9AF	영
U+F9B0	영
U+F9B1	영
U+F9B2	영
U+F9B3	영
U+F9B4	영
U+F9B5	예
U+F9B6	예
U+F9B7	예
U+F9B8	예
U+F9B9	오
U+F9BA	요
U+F9BB	요
U+F9BC	요
U+F9BD	요
U+F9BE	요
U+F9BF	요
U+F9C0	요
U+F9C1	요
U+F9C2	요
U+F9C3	요
U+F9C4	용
U+F9C5	운
U+F9C6	원
U+F9C7	유
U+F9C8	유
U+F9C9	유
U+F9CA	유
U+F9CB	유
U+F9CC	유
U+F9CD	유
U+F9CE	유
U+F9CF	유
U+F9D0	유
U+F9D1	육
U+F9D2	육
U+F9D3	육
U+F9D4	윤
U+F9D5	윤
U+F9D6	윤
U+F9D7	윤
U+F9D8	율
U+F9D9	율
U+F9DA	율
U+F9DB	율
U+F9DC	융
U+F9DD	이
U+F9DE	이
U+F9DF	이
U+F9E0	이
U+F9E1	이
U+F9E2	이
U+F9E3	이
U+F9E4	이
U+F9E5	이
U+F9E6	이
U+F9E7	이
U+F9E8	이
U+F9E9	이
U+F9EA	이
U+F9EB	익
U+F9EC	익
U+F9ED	인
U+F9EE	인
U+F9EF	인
U+F9F0	인
U+F9F1	인
U+F9F2	인
U+F9F3	인
U+F9F4	임
U+F9F5	임
U+F9F6	임
U+F9F7	입
U+F9F8	입
U+F9F9	입
U+F9FA	장
U+F9FB	적
U+F9FC	지
U+F9FD	집
U+F9FE	차
U+F9FF	척
U+FA00	체
U+FA01	탁
U+FA02	탁
U+FA03	탕
U+FA04	택
U+FA05	통
U+FA06	포
U+FA07	폭
U+FA08	항
U+FA09	항
U+FA0A	현
U+FA0B	확
U+FA2E	낭
U+FA2F	예
U+200D7	울
U+2012C	조
U+205CA	경
U+20984	훼
U+21155	희
U+2128D	술
U+21594	나
U+21727	세
U+21F5C	한
U+224B0	욱
U+224ED	준
U+2294F	영
U+22C6F	람
U+22EE0	리
U+230FD	나
U+23343	인
U+2363B	다
U+23AD9	예
U+242F1	훈
U+2439D	안
U+248F0	보
U+24A01	진
U+24A12	은
U+25055	온
U+2533E	응
U+253B5	지
U+253FE	지
U+25832	률
U+2583A	온
U+25874	계
U+25978	다
U+25B97	국
U+25E44	미
U+26057	섭
U+265A4	성
U+267D8	인
U+27144	기
U+275FF	솔
U+27625	뉴
U+27A51	서
U+27B02	하
U+27CEF	저
U+27E7D	혁
U+27F1B	래
U+283F6	련
U+284DC	일
U+28D8A	준
U+28DA1	은
U+291D5	정
U+291E3	슬
U+294DE	정
U+29509	민
U+2983B	별
U+2A2AD	린
U+2A4D0	초
U+2A664	은
U+2C115	집
U+2C7D3	훈
U+2E569	쇠
U+30729	은
